id_cliente,nombre,genero,fecha_registro,gasto_q,ciudad,categoria
502609,paola morales,m,2026-02-27,desconocido,antigua,retail
500588,ana diaz,f,2026-02-24,371.80,villa nueva,services
502408,maria paz,m,2026-01-15,"373,33",quetzaltenango,retail
501688,ana mejia,f,2026-01-18,361.23,quetzaltenango,education
502916,carlos  mendez,f,29/01/2026,"339,01",amatitlan,retail
504200,oscar rojas,m,2026-01-09,138.22,antigua,retail
502029,isabel ramirez,m,2026-02-05,"166,31",villa nueva,services
501366,pedro  herrera,m,12/02/2026,"405,62",amatitlan,education
502614,patricia soto,f,2026-01-11,222.88,guatemala,retail
502794,pablo perez,m,2026-02-06,"287,37",escuintla,retail
504410,paola herrera,f,2026-01-05,"400,01",antigua,education
500921,monica lopez,f,2026-02-16,"69,85",quetzaltenango,food
500344,ana soto,f,2026-01-02,desconocido,guatemala,education
503170,laura mendez,m,08/01/2026,desconocido,guatemala,education
502929,daniel  morales,m,2026-01-12,237.93,antigua,food
503768,karla vargas,m,2026-01-16,364.37,escuintla,food
501480,carmen gomez,m,2026-01-08,"491,09",quetzaltenango,services
503393,daniel flores,m,2026-02-06,"189,82",escuintla,education
501479,paola  fuentes,m,2026-01-03,"126,41",antigua,retail
503665,carmen soto,m,2026-01-06,desconocido,antigua,food
504232,elena perez,f,28/01/2026,"204,59",villa nueva,services
502530,carlos fuentes,m,2026-01-28,"318,53",escuintla,food
500837,oscar fuentes,f,2026-02-05,315.81,villa nueva,food
504238,maria morales,f,2026-01-04,"251,82",guatemala,services
500464,elena vargas,m,2026-01-27,487.93,amatitlan,services
504241,karla rojas,f,2026-01-25,376.15,antigua,retail
501040,gustavo nunez,f,2026-02-25,desconocido,escuintla,retail
501552,pedro  mejia,f,2026-02-24,"23,85",chimaltenango,retail
501126,sofia mendez,m,2026-02-27,323.34,mixco,services
504376,carmen solis,f,29/01/2026,69.32,chimaltenango,food
501851,elena soto,f,2026-02-09,214.50,mixco,services
504281,carmen fuentes,f,2026-01-10,"245,81",mixco,food
501098,karla rojas,m,07/01/2026,326.83,chimaltenango,services
504347,patricia morales,f,01/02/2026,"283,68",quetzaltenango,services
504260,fernando ramirez,m,2026-01-20,6.67,amatitlan,education
501419,elena vargas,f,12/02/2026,"179,13",villa nueva,food
503884,laura cruz,m,2026-02-08,desconocido,villa nueva,services
502586,karla perez,m,2026-01-15,desconocido,amatitlan,retail
503375,carlos castillo,m,2026-01-14,"153,61",amatitlan,food
501054,gabriela paz,f,27/01/2026,98.61,guatemala,services
503880,laura fuentes,f,2026-01-01,363.38,villa nueva,education
502476,oscar morales,f,2026-01-21,desconocido,amatitlan,food
500015,andrea ortega,m,2026-02-02,224.61,guatemala,services
503627,karla lopez,m,2026-01-19,212.04,,education
501372,andrea dominguez,m,2026-01-20,206.01,escuintla,services
503319,pablo herrera,m,2026-01-16,67.35,mixco,retail
503195,kevin rojas,f,2026-02-14,"28,25",quetzaltenango,retail
502898,sofia cruz,m,2026-02-19,"274,08",desconocido,food
504162,karla lima,f,2026-01-27,"444,86",amatitlan,services
503479,maria alvarez,m,2026-01-21,"83,58",quetzaltenango,services
502819,laura  rojas,f,2026-01-29,"15,43",escuintla,services
502658,monica  dominguez,f,2026-01-15,61.23,guatemala,education
503447,isabel dominguez,f,2026-02-04,"459,66",chimaltenango,food
501997,pedro cruz,m,2026-02-04,"256,64",guatemala,education
502056,carlos  ramirez,f,2026-01-11,394.93,guatemala,education
504768,gustavo morales,m,2026-02-12,"37,44",quetzaltenango,food
502334,jose mejia,m,2026-02-25,21.10,,food
502807,laura mendez,f,04/02/2026,"212,65",quetzaltenango,retail
503133,carlos solis,m,2026-01-28,"152,84",quetzaltenango,services
504775,juan ortega,f,15/01/2026,490.26,chimaltenango,services
500577,maria solis,f,2026-02-20,"362,79",chimaltenango,food
504234,daniel mazariegos,f,10/01/2026,desconocido,amatitlan,food
502064,elena flores,f,2026-01-10,201.39,villa nueva,education
501747,sofia ruiz,m,2026-02-21,165.62,amatitlan,food
500942,jose flores,m,25/02/2026,453.55,amatitlan,education
500312,carmen vargas,m,06/02/2026,"420,73",chimaltenango,services
501202,hector  rojas,f,2026-02-26,"232,90",chimaltenango,food
501264,sofia herrera,m,2026-01-07,"267,67",mixco,food
504665,fernando ramirez,f,2026-02-12,"401,50",antigua,services
500663,carlos vargas,m,20/01/2026,desconocido,villa nueva,education
503931,oscar lima,m,15/02/2026,414.96,guatemala,education
502986,sofia cruz,f,2026-01-20,"85,26",guatemala,education
503676,jose nunez,f,06/01/2026,387.06,quetzaltenango,services
501513,kevin aguilar,f,15/02/2026,"158,70",chimaltenango,services
502696,kevin diaz,f,2026-01-09,71.07,guatemala,retail
501554,carmen paz,m,06/02/2026,desconocido,amatitlan,education
502526,fernando ramirez,m,2026-02-14,26.33,quetzaltenango,education
503679,daniel nunez,m,2026-01-20,"200,28",mixco,food
501797,monica hernandez,,10/02/2026,"448,21",mixco,education
500749,sofia molina,m,2026-01-09,270.59,villa nueva,retail
501788,gustavo herrera,m,2026-02-22,413.15,villa nueva,retail
502740,isabel paz,f,14/02/2026,227.83,desconocido,retail
501080,carlos rojas,m,19/01/2026,218.57,mixco,services
500463,fernando hernandez,m,2026-02-12,"275,48",amatitlan,retail
500988,oscar  ortega,f,2026-02-27,428.68,mixco,food
501989,pedro perez,m,2026-01-30,183.80,quetzaltenango,education
500319,sofia cruz,f,2026-02-25,72.05,mixco,services
503907,fernando  mejia,f,20/02/2026,"288,21",guatemala,retail
502552,valeria herrera,m,2026-01-24,406.48,escuintla,education
500373,gustavo mazariegos,f,11/02/2026,desconocido,guatemala,food
504597,hector ruiz,m,2026-02-15,"17,24",quetzaltenango,retail
504217,gabriela torres,m,2026-02-17,desconocido,quetzaltenango,services
501331,daniel rojas,f,20/01/2026,"17,00",amatitlan,retail
504520,jose flores,f,11/02/2026,"222,68",guatemala,education
504071,pablo ramirez,f,2026-02-10,desconocido,mixco,services
501183,monica mendez,m,2026-01-03,"9,59",desconocido,food
500410,valeria ramirez,m,26/01/2026,desconocido,villa nueva,services
501459,miguel mendez,m,2026-02-08,desconocido,chimaltenango,education
500069,ana nunez,f,2026-01-19,"326,51",quetzaltenango,retail
504061,valeria mejia,m,07/02/2026,desconocido,villa nueva,education
503862,jose  rojas,m,05/01/2026,"356,88",villa nueva,retail
502537,maria flores,f,2026-01-16,297.36,amatitlan,retail
500343,ana mendez,m,2026-02-14,128.16,quetzaltenango,retail
504503,monica  torres,m,2026-02-24,desconocido,guatemala,services
502352,valeria paz,f,24/02/2026,"79,57",villa nueva,retail
502063,oscar  diaz,m,2026-01-19,desconocido,chimaltenango,food
503832,andrea rojas,m,2026-01-09,303.90,quetzaltenango,services
504126,paola  rojas,m,2026-01-21,"74,95",mixco,retail
503997,oscar soto,f,2026-02-16,"301,03",desconocido,education
503389,carlos reyes,m,12/02/2026,"361,88",escuintla,education
501379,oscar torres,m,2026-02-07,"455,42",quetzaltenango,services
500589,rene lima,m,2026-01-21,"367,21",escuintla,food
502387,miguel ortega,f,2026-03-01,"499,64",,food
500864,ana soto,f,2026-01-31,176.42,mixco,food
502620,oscar mendez,f,2026-02-05,"96,62",escuintla,retail
503773,karla  flores,m,2026-02-22,328.01,desconocido,education
500996,oscar lima,f,2026-02-01,478.69,mixco,services
500028,diana fuentes,f,2026-01-17,desconocido,quetzaltenango,services
501165,jose mejia,f,13/02/2026,292.50,villa nueva,retail
504367,laura molina,m,2026-02-17,423.14,chimaltenango,retail
503126,jose mazariegos,m,26/02/2026,"447,26",villa nueva,education
500509,laura soto,m,25/02/2026,"270,24",quetzaltenango,services
503119,monica herrera,m,2026-02-23,desconocido,escuintla,retail
504231,diana cruz,m,03/02/2026,"60,63",villa nueva,services
504334,pablo reyes,m,2026-01-18,"265,16",escuintla,services
503171,gustavo ruiz,f,13/02/2026,"68,71",quetzaltenango,services
500717,paola alvarez,f,2026-01-23,"181,81",,food
503436,rene castillo,f,2026-01-10,119.24,villa nueva,services
502833,daniel mazariegos,m,2026-02-07,"348,88",escuintla,services
501716,rene flores,f,2026-01-15,"377,49",villa nueva,education
502423,laura  rojas,m,2026-01-03,280.29,guatemala,services
504201,pablo paz,m,2026-02-13,314.42,chimaltenango,food
500365,elena  molina,f,2026-01-12,442.07,mixco,food
500249,hector herrera,m,2026-01-10,"329,83",villa nueva,food
500519,diana torres,m,2026-01-04,desconocido,antigua,food
504733,ricardo mendez,m,2026-02-12,362.51,antigua,services
501958,jose hernandez,f,2026-01-20,"467,27",mixco,retail
501002,diana vargas,f,2026-01-15,desconocido,amatitlan,education
504014,juan molina,m,2026-01-20,65.42,quetzaltenango,education
504602,andrea gomez,m,2026-01-15,157.78,escuintla,retail
503122,ricardo mazariegos,f,19/02/2026,160.73,quetzaltenango,services
501723,juan ruiz,f,2026-02-07,284.55,escuintla,services
500215,sofia lopez,m,2026-02-08,144.40,desconocido,retail
500219,karla castillo,m,2026-01-09,"446,32",villa nueva,retail
500657,oscar  torres,f,2026-01-19,447.11,quetzaltenango,education
501949,monica reyes,m,2026-02-06,414.49,chimaltenango,retail
503203,luis alvarez,m,23/02/2026,"264,72",chimaltenango,food
501117,ana mejia,m,07/01/2026,"486,87",villa nueva,food
501582,paola morales,m,2026-02-04,"118,86",villa nueva,services
504222,ricardo mejia,f,07/02/2026,204.77,escuintla,retail
501611,daniel  soto,m,2026-02-01,"89,20",chimaltenango,food
500347,gustavo lopez,m,2026-02-04,477.55,guatemala,food
500968,maria cruz,f,04/02/2026,"467,45",,education
504561,hector aguilar,f,2026-02-23,364.66,antigua,education
504565,kevin  ruiz,m,2026-02-26,"191,71",escuintla,retail
502238,daniel alvarez,f,2026-01-30,"192,30",amatitlan,retail
503592,monica  gomez,m,2026-01-18,498.01,mixco,retail
501066,monica mejia,m,07/02/2026,498.96,antigua,education
503014,carlos soto,m,07/01/2026,desconocido,guatemala,retail
502272,jose paz,m,2026-02-25,"167,93",guatemala,education
502880,patricia castillo,m,16/02/2026,"458,94",villa nueva,education
501049,isabel  paz,m,24/01/2026,"494,43",chimaltenango,retail
504570,gabriela ruiz,m,19/01/2026,231.76,antigua,retail
500064,diana reyes,m,17/01/2026,"443,63",mixco,retail
500571,sofia alvarez,m,2026-01-04,"349,16",amatitlan,education
503083,oscar diaz,f,21/02/2026,482.78,chimaltenango,education
503918,laura mazariegos,f,2026-01-29,495.37,amatitlan,retail
501013,laura  diaz,f,20/02/2026,"413,17",mixco,retail
504361,ricardo  rojas,f,07/01/2026,254.42,escuintla,retail
500112,carmen hernandez,m,2026-02-05,"128,04",escuintla,food
500061,elena nunez,f,2026-02-16,48.52,amatitlan,food
501619,oscar aguilar,m,2026-01-02,294.31,amatitlan,food
500755,carmen perez,f,2026-02-13,"164,20",mixco,food
502732,hector castillo,f,24/02/2026,"406,33",chimaltenango,services
504510,maria  molina,f,05/01/2026,15.52,villa nueva,services
503967,pablo  aguilar,f,13/02/2026,155.75,escuintla,retail
501391,rene fuentes,f,27/02/2026,desconocido,antigua,retail
503422,pablo  reyes,,2026-02-16,344.34,escuintla,education
503268,pedro aguilar,f,2026-01-23,262.55,guatemala,food
502551,carmen mendez,f,2026-01-31,146.52,quetzaltenango,retail
501494,gustavo aguilar,f,2026-02-05,416.26,escuintla,food
503353,paola hernandez,m,2026-01-24,349.65,guatemala,retail
500648,pablo alvarez,m,2026-01-21,"446,88",mixco,services
500504,rene gomez,f,2026-02-23,"253,14",mixco,education
501414,hector flores,m,2026-02-14,desconocido,quetzaltenango,retail
504761,sofia castillo,m,2026-02-24,desconocido,escuintla,retail
501844,carlos lima,m,2026-02-13,"37,71",quetzaltenango,education
500961,valeria  vargas,m,30/01/2026,"371,09",antigua,services
500638,carmen  rojas,f,2026-02-05,"160,63",mixco,education
504124,jose lopez,m,2026-01-10,198.76,amatitlan,food
501831,laura ruiz,f,19/02/2026,"73,77",guatemala,food
500642,sofia mejia,f,2026-01-05,"3,16",antigua,food
501830,paola alvarez,f,2026-02-21,94.47,quetzaltenango,services
500269,juan perez,f,2026-02-10,3.17,quetzaltenango,services
504791,luis aguilar,m,2026-02-01,"283,56",escuintla,education
500884,jose ramirez,f,19/01/2026,"47,61",quetzaltenango,retail
500628,carmen diaz,f,2026-02-21,"214,87",quetzaltenango,retail
503571,monica vargas,f,2026-02-19,237.56,antigua,services
500338,paola  lima,m,2026-01-06,353.74,quetzaltenango,food
501104,miguel lima,f,10/01/2026,desconocido,,services
502669,juan dominguez,f,22/02/2026,382.45,antigua,retail
500099,paola ramirez,m,2026-01-01,495.08,escuintla,services
501023,gustavo alvarez,m,2026-01-07,"123,16",chimaltenango,services
500176,karla ramirez,m,2026-01-03,29.89,chimaltenango,food
502792,ana reyes,m,27/01/2026,123.37,amatitlan,services
502513,jose reyes,f,2026-01-17,297.35,guatemala,food
501206,elena herrera,m,2026-01-05,489.97,villa nueva,food
504224,maria  cruz,m,2026-02-03,178.19,guatemala,services
500956,isabel mejia,f,2026-02-02,477.10,villa nueva,retail
504023,paola mejia,f,2026-02-24,422.45,chimaltenango,education
503771,daniel gomez,f,08/02/2026,"211,31",mixco,education
502854,diana flores,m,2026-02-25,"378,43",chimaltenango,food
501105,laura flores,f,2026-02-10,"42,92",antigua,services
502506,oscar ruiz,m,2026-02-14,306.98,escuintla,retail
500962,rene herrera,m,2026-01-14,desconocido,villa nueva,retail
503888,valeria fuentes,m,23/01/2026,"52,81",desconocido,education
504496,carlos fuentes,m,2026-02-15,"170,03",escuintla,education
504242,jose flores,m,2026-02-24,desconocido,quetzaltenango,services
502326,gustavo ramirez,m,2026-02-14,"227,31",chimaltenango,education
502123,maria mendez,f,2026-02-17,390.87,mixco,retail
503509,diana ortega,m,2026-01-17,198.34,villa nueva,services
501382,diana diaz,f,2026-01-17,"400,54",guatemala,food
501407,carlos vargas,,09/02/2026,"115,68",chimaltenango,food
504458,luis hernandez,m,2026-02-27,197.50,villa nueva,education
504265,sofia dominguez,f,2026-02-14,"130,43",mixco,food
500472,juan solis,m,05/01/2026,165.72,villa nueva,education
502462,pedro gomez,m,21/01/2026,"287,89",mixco,food
500358,pablo mendez,f,2026-01-18,94.47,quetzaltenango,food
502377,pedro lima,m,2026-02-13,desconocido,chimaltenango,retail
500118,carlos solis,m,06/01/2026,"103,43",amatitlan,food
503414,monica ramirez,f,2026-02-13,"428,10",desconocido,food
500002,gustavo aguilar,f,2026-01-08,desconocido,quetzaltenango,retail
504424,ana lima,f,18/01/2026,290.31,chimaltenango,food
502491,miguel perez,f,2026-01-08,"20,48",amatitlan,food
502398,miguel  perez,m,2026-01-07,344.01,mixco,services
501161,ricardo castillo,m,2026-01-05,"210,79",amatitlan,services
501196,andrea fuentes,m,11/01/2026,"305,29",quetzaltenango,services
504603,fernando torres,m,2026-01-14,"471,05",villa nueva,services
504371,laura  aguilar,m,08/02/2026,"41,72",quetzaltenango,services
502040,luis  perez,f,2026-02-04,"183,14",amatitlan,services
504640,patricia fuentes,f,2026-02-18,150.43,antigua,services
504794,rene aguilar,f,2026-02-03,196.76,villa nueva,retail
501329,maria ruiz,m,2026-01-28,"183,79",quetzaltenango,services
504364,isabel  mendez,f,2026-01-21,336.65,quetzaltenango,services
503426,carmen castillo,m,06/01/2026,"149,55",villa nueva,retail
501647,patricia torres,m,2026-01-16,"283,35",chimaltenango,food
503156,miguel perez,,2026-02-10,414.25,villa nueva,services
501304,carlos  mejia,f,2026-01-11,"441,32",chimaltenango,food
500307,miguel lopez,f,04/02/2026,483.25,chimaltenango,education
502984,maria rojas,m,28/01/2026,"120,04",amatitlan,education
500294,patricia  cruz,m,2026-02-15,374.59,desconocido,services
500951,jose  mendez,m,2026-01-25,"494,36",chimaltenango,food
501501,maria paz,f,20/02/2026,453.27,escuintla,services
500668,monica lopez,m,2026-01-04,"343,03",villa nueva,education
500236,oscar fuentes,m,2026-01-05,"116,82",antigua,education
502713,juan gomez,f,2026-01-26,"357,66",mixco,education
503730,patricia solis,m,2026-02-01,26.46,quetzaltenango,education
503510,laura  castillo,f,2026-01-18,172.82,quetzaltenango,retail
500098,miguel ramirez,m,2026-01-10,"90,47",quetzaltenango,education
501727,karla mendez,f,2026-01-04,"71,44",desconocido,retail
501737,hector flores,f,25/01/2026,149.26,quetzaltenango,education
503989,elena paz,m,02/01/2026,464.88,amatitlan,education
501827,patricia castillo,m,2026-02-18,desconocido,amatitlan,services
504726,laura  cruz,m,2026-02-27,"406,91",escuintla,education
500580,laura diaz,m,2026-01-24,423.42,antigua,services
502657,carlos mejia,f,2026-01-24,341.06,antigua,education
501268,isabel alvarez,f,2026-02-03,"202,61",chimaltenango,food
503158,andrea vargas,f,14/01/2026,"181,40",guatemala,retail
501432,luis castillo,m,27/01/2026,409.18,chimaltenango,education
504792,isabel lima,f,27/02/2026,392.71,amatitlan,education
500595,daniel gomez,m,26/02/2026,"169,77",villa nueva,services
501975,oscar soto,m,2026-01-20,461.30,antigua,food
502641,luis rojas,m,2026-02-16,"359,29",guatemala,retail
501279,gustavo  solis,m,2026-02-19,"444,22",escuintla,retail
500066,patricia aguilar,f,05/01/2026,449.85,antigua,food
500354,kevin vargas,m,2026-02-24,"419,12",quetzaltenango,food
504519,patricia dominguez,f,13/01/2026,32.81,amatitlan,food
500946,fernando lopez,f,2026-02-07,"342,61",escuintla,services
501073,rene perez,m,2026-02-07,390.99,mixco,education
504657,gabriela cruz,m,2026-02-26,3.60,guatemala,retail
504516,gustavo lopez,f,2026-02-03,68.91,guatemala,services
502708,rene lopez,f,2026-03-01,370.30,antigua,education
501241,monica  paz,m,2026-02-05,desconocido,chimaltenango,retail
502878,andrea hernandez,m,2026-02-28,208.49,escuintla,food
504628,paola lima,f,2026-02-26,102.10,desconocido,education
502995,pedro morales,m,04/02/2026,481.83,escuintla,food
504783,andrea reyes,f,2026-02-05,27.96,escuintla,food
502603,gabriela vargas,f,2026-02-03,"363,71",escuintla,retail
502832,valeria molina,m,27/01/2026,"113,47",quetzaltenango,retail
502859,oscar paz,m,2026-01-06,"152,99",antigua,retail
503140,daniel torres,f,02/02/2026,"305,08",antigua,retail
503277,elena morales,f,02/01/2026,137.43,villa nueva,services
504233,juan dominguez,m,2026-02-25,"476,95",chimaltenango,food
501780,karla herrera,m,2026-01-26,"393,70",amatitlan,education
503642,monica mendez,m,2026-02-26,421.21,guatemala,education
502432,juan mazariegos,m,09/01/2026,118.42,villa nueva,food
501032,rene mazariegos,f,2026-02-11,"442,70",antigua,services
503219,pablo lopez,f,2026-02-25,"283,53",mixco,food
504020,oscar castillo,m,2026-02-17,"9,84",chimaltenango,education
500821,luis flores,m,2026-01-24,33.75,antigua,services
501849,kevin morales,f,2026-01-31,"171,50",mixco,retail
503073,pedro rojas,f,2026-02-18,"297,51",mixco,food
502863,monica hernandez,m,2026-01-11,350.56,mixco,food
503121,fernando  perez,f,2026-01-06,"95,15",quetzaltenango,education
502447,paola castillo,f,2026-01-01,325.58,chimaltenango,retail
504836,diana lima,f,2026-02-19,312.70,chimaltenango,education
500997,andrea vargas,m,2026-02-11,desconocido,mixco,services
503970,kevin  lopez,f,05/01/2026,desconocido,villa nueva,education
500770,monica mazariegos,m,2026-02-22,"178,08",escuintla,retail
500056,isabel castillo,f,2026-02-18,"468,48",amatitlan,services
500139,paola molina,m,2026-02-14,157.35,quetzaltenango,education
502032,valeria  ruiz,m,2026-01-25,"293,73",amatitlan,retail
501445,paola torres,desconocido,2026-02-06,413.00,chimaltenango,food
504579,kevin perez,f,04/02/2026,336.38,amatitlan,food
502236,valeria  flores,f,2026-02-09,277.45,chimaltenango,education
504617,daniel gomez,m,13/02/2026,147.94,mixco,retail
500676,paola gomez,f,2026-02-27,"338,76",chimaltenango,services
500172,patricia aguilar,m,19/01/2026,"275,96",chimaltenango,education
502051,miguel rojas,f,2026-01-27,"493,49",villa nueva,food
500407,oscar gomez,m,2026-01-01,desconocido,villa nueva,services
504589,andrea flores,desconocido,2026-01-01,"167,85",guatemala,food
500941,maria aguilar,m,2026-01-20,260.88,mixco,food
504070,gabriela ruiz,,2026-02-23,"422,89",amatitlan,services
504752,valeria reyes,m,10/02/2026,"484,87",guatemala,retail
502280,kevin ortega,m,2026-02-16,324.90,escuintla,retail
500604,jose aguilar,m,2026-02-17,401.37,mixco,services
502837,rene fuentes,m,2026-02-09,136.28,escuintla,services
504684,carmen castillo,m,2026-01-31,22.01,quetzaltenango,services
504272,maria  solis,m,2026-02-12,"153,65",chimaltenango,food
500355,monica herrera,f,2026-02-11,"299,84",villa nueva,education
503910,ana fuentes,f,2026-02-20,377.82,chimaltenango,education
502654,hector dominguez,f,2026-02-15,138.11,mixco,services
501765,miguel mendez,f,2026-02-15,234.96,quetzaltenango,retail
502142,gustavo  castillo,m,01/02/2026,283.22,mixco,education
503585,diana flores,desconocido,25/02/2026,"216,45",mixco,services
501931,gustavo solis,f,2026-01-10,"115,42",antigua,retail
504297,miguel herrera,f,28/01/2026,"196,04",mixco,retail
500856,pablo  solis,f,2026-02-01,"20,28",quetzaltenango,education
502728,jose castillo,f,2026-01-26,"322,19",amatitlan,services
501860,miguel cruz,f,2026-02-11,"408,87",chimaltenango,services
502007,monica  reyes,f,25/02/2026,desconocido,quetzaltenango,services
504359,kevin torres,f,2026-01-05,21.58,antigua,retail
504288,paola dominguez,f,2026-01-13,"28,49",guatemala,food
504563,pablo gomez,m,2026-02-18,desconocido,escuintla,services
504575,valeria fuentes,f,2026-01-31,416.71,escuintla,retail
501111,laura  ramirez,m,2026-01-12,84.03,mixco,retail
500287,laura mazariegos,f,2026-01-21,"300,77",escuintla,food
500211,pedro solis,m,2026-02-02,"310,47",escuintla,education
504286,paola nunez,f,2026-02-18,"42,48",antigua,services
503346,kevin alvarez,f,2026-01-04,328.57,escuintla,services
503706,valeria  ruiz,m,17/02/2026,"461,08",villa nueva,services
501238,gabriela hernandez,m,2026-02-12,306.48,escuintla,education
504444,carlos nunez,m,14/01/2026,"11,18",escuintla,services
504319,paola mazariegos,m,2026-02-08,421.58,chimaltenango,services
500449,rene cruz,f,2026-01-04,332.99,guatemala,education
504443,rene ramirez,f,2026-02-01,"58,02",guatemala,retail
500257,andrea paz,m,2026-01-14,175.20,villa nueva,education
503332,paola dominguez,f,01/03/2026,213.66,amatitlan,food
503027,fernando morales,m,2026-02-22,151.65,quetzaltenango,services
500450,paola fuentes,m,13/01/2026,362.15,amatitlan,food
504032,hector herrera,f,21/01/2026,323.61,amatitlan,retail
502409,andrea castillo,f,2026-02-22,203.90,antigua,retail
504063,gustavo fuentes,f,2026-02-09,49.44,guatemala,services
501632,isabel cruz,f,20/01/2026,"359,06",chimaltenango,services
502201,ricardo diaz,m,2026-01-10,"172,18",antigua,education
500910,diana diaz,m,2026-01-02,"208,98",,services
503646,rene gomez,desconocido,2026-01-18,331.94,chimaltenango,education
504021,gabriela alvarez,f,2026-01-22,"397,62",escuintla,services
503565,rene flores,m,2026-01-08,desconocido,escuintla,retail
504158,karla solis,m,2026-02-04,"266,88",quetzaltenango,education
501255,ricardo  paz,f,2026-02-22,438.31,antigua,education
501862,paola  castillo,m,2026-02-22,"207,26",villa nueva,education
503554,laura dominguez,f,2026-01-17,"445,48",escuintla,retail
500989,gabriela  perez,f,2026-01-05,"456,09",villa nueva,education
504046,juan  torres,f,2026-02-01,293.89,villa nueva,services
503478,carlos mendez,m,2026-01-13,432.97,amatitlan,food
500396,valeria  lopez,m,2026-02-22,"355,53",mixco,food
503846,elena castillo,f,11/02/2026,319.87,antigua,education
500761,rene fuentes,m,2026-01-08,299.28,desconocido,education
502480,diana herrera,f,2026-01-31,"175,59",quetzaltenango,education
503875,juan fuentes,m,2026-01-02,232.24,escuintla,education
503068,carlos cruz,m,2026-02-19,156.39,amatitlan,retail
500130,daniel mejia,f,14/02/2026,463.40,escuintla,retail
502798,isabel hernandez,m,12/01/2026,308.77,quetzaltenango,education
504336,diana lima,f,2026-01-06,108.65,quetzaltenango,food
504824,maria  fuentes,m,13/02/2026,372.82,amatitlan,retail
503191,diana castillo,f,2026-02-02,"86,31",villa nueva,retail
503459,patricia vargas,f,2026-02-25,"177,74",quetzaltenango,services
503345,pablo mazariegos,f,2026-01-13,181.86,villa nueva,food
502561,kevin  lima,f,2026-02-09,136.83,mixco,retail
501214,hector ruiz,f,05/01/2026,desconocido,antigua,services
503283,miguel ortega,f,08/02/2026,"300,67",escuintla,education
504699,jose soto,f,2026-01-01,"235,42",guatemala,education
500777,carmen herrera,desconocido,2026-01-27,"62,08",antigua,retail
500606,diana  nunez,f,2026-01-15,393.12,mixco,food
501318,gustavo mendez,f,2026-01-08,desconocido,mixco,education
501257,elena  paz,m,2026-02-17,"308,01",villa nueva,education
500557,laura lima,f,2026-02-27,desconocido,quetzaltenango,retail
504866,laura alvarez,m,2026-01-23,227.56,chimaltenango,food
502702,andrea  lima,m,2026-01-27,171.30,villa nueva,food
504150,laura diaz,m,14/02/2026,"118,55",amatitlan,food
502903,miguel gomez,f,2026-02-23,291.96,quetzaltenango,services
501873,patricia rojas,m,23/01/2026,370.10,amatitlan,services
501157,jose nunez,f,2026-02-19,392.12,antigua,services
500327,sofia morales,f,2026-02-11,150.91,chimaltenango,services
503390,isabel flores,m,2026-02-03,desconocido,guatemala,food
500692,diana morales,m,2026-02-19,desconocido,amatitlan,education
500220,fernando  fuentes,m,2026-01-09,"300,30",quetzaltenango,retail
501651,ricardo mendez,f,2026-01-24,470.12,villa nueva,education
500522,ricardo nunez,m,18/02/2026,482.04,quetzaltenango,food
502116,elena fuentes,f,2026-02-13,129.02,antigua,retail
503966,ricardo morales,f,2026-02-05,"6,62",amatitlan,education
500200,sofia ramirez,m,07/02/2026,354.30,desconocido,services
502286,isabel rojas,m,2026-01-10,428.23,chimaltenango,education
500554,carlos vargas,f,2026-01-27,"244,60",mixco,services
500896,gustavo molina,m,2026-02-16,23.51,escuintla,food
504582,daniel castillo,f,16/02/2026,"233,49",guatemala,education
503115,laura herrera,m,2026-03-01,desconocido,quetzaltenango,education
504524,carlos alvarez,m,18/02/2026,169.39,villa nueva,education
501439,patricia flores,m,2026-01-01,"216,64",mixco,services
501410,valeria hernandez,m,2026-02-18,407.29,,education
504368,oscar rojas,f,2026-01-25,231.67,amatitlan,food
502256,sofia paz,f,20/02/2026,"222,95",quetzaltenango,education
503409,isabel molina,m,28/02/2026,desconocido,chimaltenango,food
500858,sofia  solis,f,2026-01-20,19.22,mixco,services
500160,sofia nunez,f,2026-01-19,168.37,chimaltenango,retail
502171,daniel alvarez,f,08/02/2026,desconocido,villa nueva,education
500886,isabel ortega,m,2026-02-22,141.55,villa nueva,education
501726,juan ruiz,f,2026-02-01,"337,36",antigua,education
500691,ricardo alvarez,desconocido,2026-01-15,"300,61",,services
500459,isabel vargas,m,2026-01-05,"165,12",desconocido,services
502900,isabel diaz,f,2026-01-14,308.36,villa nueva,education
500643,elena molina,m,2026-02-05,170.48,antigua,food
500078,valeria ruiz,m,24/02/2026,333.69,mixco,services
504742,sofia solis,m,17/01/2026,389.86,antigua,retail
504536,hector alvarez,m,2026-02-18,"477,66",guatemala,retail
502319,kevin mendez,m,2026-02-24,"36,63",villa nueva,food
503530,jose aguilar,f,01/01/2026,"255,47",chimaltenango,retail
500905,maria perez,f,2026-02-05,20.57,amatitlan,retail
501451,gustavo perez,m,14/01/2026,"163,79",guatemala,education
502281,patricia  nunez,m,2026-01-27,140.22,desconocido,retail
504894,juan dominguez,m,2026-01-14,377.87,villa nueva,services
503576,rene dominguez,m,2026-01-27,"115,82",amatitlan,food
501028,miguel ramirez,f,2026-02-01,"460,53",mixco,education
500807,daniel paz,m,17/01/2026,110.17,desconocido,retail
504093,diana aguilar,f,2026-02-28,358.07,mixco,food
501115,laura cruz,f,2026-01-26,209.95,mixco,food
500701,isabel hernandez,m,2026-02-20,466.65,mixco,food
503728,maria morales,f,2026-01-13,196.14,mixco,services
503399,ana castillo,m,2026-01-20,288.60,chimaltenango,food
502646,kevin diaz,m,2026-01-04,desconocido,mixco,retail
501390,ana torres,m,02/01/2026,"148,33",amatitlan,retail
501957,miguel cruz,f,2026-02-28,"116,42",antigua,services
500863,miguel  ruiz,f,2026-01-16,"443,84",antigua,education
502460,oscar  morales,f,12/02/2026,"119,79",villa nueva,education
500747,patricia diaz,f,2026-01-21,455.24,antigua,services
500238,sofia diaz,m,06/02/2026,"194,00",amatitlan,retail
501525,daniel mejia,f,2026-02-03,278.82,amatitlan,food
502601,karla  diaz,m,2026-02-23,218.57,guatemala,retail
501835,sofia mazariegos,f,08/01/2026,"476,97",quetzaltenango,education
501542,patricia castillo,f,2026-01-04,445.40,escuintla,services
500523,miguel rojas,m,2026-02-04,desconocido,escuintla,services
503801,oscar soto,f,2026-02-20,267.33,antigua,services
502074,paola ruiz,m,2026-01-18,"378,48",guatemala,food
504152,gustavo perez,f,2026-02-04,"69,78",chimaltenango,food
501654,elena alvarez,m,2026-01-22,"452,48",escuintla,services
502397,gustavo mazariegos,m,2026-01-24,392.73,amatitlan,education
504686,ana mendez,m,19/01/2026,desconocido,villa nueva,food
503266,rene  solis,m,12/01/2026,162.82,antigua,retail
501631,sofia diaz,m,10/02/2026,"77,41",antigua,education
503452,carmen rojas,f,2026-03-01,347.79,desconocido,retail
501091,hector fuentes,m,2026-01-10,112.73,amatitlan,food
503241,gustavo aguilar,f,11/01/2026,"168,93",antigua,services
500179,juan lopez,m,2026-02-01,desconocido,amatitlan,education
503458,pablo flores,f,13/02/2026,270.66,mixco,retail
502148,luis ortega,m,2026-01-09,"232,54",mixco,services
500748,patricia castillo,m,2026-02-05,"280,90",antigua,retail
503863,karla solis,m,2026-02-03,418.61,guatemala,services
504401,fernando rojas,f,2026-01-04,desconocido,escuintla,food
500633,luis nunez,f,2026-01-15,"307,35",amatitlan,food
502489,isabel rojas,m,2026-02-17,"412,38",guatemala,retail
503563,rene mendez,m,24/01/2026,431.03,amatitlan,education
500730,isabel torres,m,2026-01-17,"224,70",mixco,education
502717,pablo mejia,m,04/02/2026,"140,81",mixco,services
502149,carlos lima,f,2026-01-16,9.03,escuintla,education
500082,valeria ramirez,f,2026-01-02,305.16,villa nueva,education
504483,patricia ramirez,m,15/01/2026,"233,19",villa nueva,services
501120,kevin alvarez,f,11/01/2026,209.32,chimaltenango,services
503934,patricia aguilar,f,2026-01-06,218.09,guatemala,food
503560,hector torres,m,19/02/2026,493.73,quetzaltenango,retail
501422,miguel  mejia,m,2026-01-16,396.95,mixco,food
502070,ana fuentes,m,2026-01-22,"263,20",guatemala,food
504052,gabriela alvarez,m,2026-01-31,"436,21",quetzaltenango,retail
502663,kevin soto,m,21/02/2026,269.64,guatemala,services
504225,juan soto,f,02/02/2026,desconocido,escuintla,food
500126,andrea solis,f,28/01/2026,"238,43",guatemala,education
501846,carlos ortega,m,21/01/2026,61.92,antigua,services
501588,gabriela  gomez,f,18/01/2026,45.78,guatemala,food
501367,fernando paz,m,2026-01-23,453.72,escuintla,education
501627,luis paz,f,2026-01-09,55.93,amatitlan,retail
502076,miguel rojas,f,2026-01-08,"105,04",mixco,food
501110,kevin soto,m,21/01/2026,"295,84",amatitlan,food
500675,valeria lima,m,2026-02-21,"49,23",antigua,education
501299,juan molina,,2026-02-15,"373,86",chimaltenango,services
503488,andrea ramirez,m,2026-01-02,315.92,mixco,services
501262,karla gomez,m,24/02/2026,188.52,quetzaltenango,services
500853,gabriela lima,f,2026-02-28,288.62,amatitlan,education
501999,gustavo  ramirez,f,2026-02-20,desconocido,amatitlan,services
503547,diana ruiz,m,2026-01-08,"137,79",chimaltenango,retail
503939,paola lima,f,04/01/2026,desconocido,amatitlan,food
500075,andrea nunez,f,05/01/2026,"196,13",antigua,services
502970,miguel fuentes,f,2026-01-13,desconocido,mixco,food
500331,pablo ramirez,m,15/02/2026,"150,35",villa nueva,services
503007,laura lopez,f,2026-01-24,"238,47",escuintla,food
501707,valeria torres,f,2026-02-26,"86,03",guatemala,food
503988,juan perez,f,2026-01-20,desconocido,escuintla,education
504848,gabriela paz,m,2026-01-26,70.29,guatemala,services
500079,monica morales,m,01/03/2026,"74,55",guatemala,services
504013,karla flores,m,2026-01-24,"219,40",escuintla,food
503042,valeria ortega,m,2026-01-02,"48,67",guatemala,retail
501152,daniel mendez,m,2026-02-05,369.36,chimaltenango,education
503629,valeria nunez,f,31/01/2026,409.60,quetzaltenango,education
501227,valeria flores,f,25/01/2026,383.14,chimaltenango,food
500175,fernando dominguez,f,2026-02-22,desconocido,quetzaltenango,retail
500542,gustavo  herrera,f,2026-01-11,"191,64",antigua,retail
504789,fernando hernandez,f,2026-02-01,"399,60",quetzaltenango,retail
503057,elena rojas,f,2026-01-16,"1,55",antigua,food
500482,gabriela diaz,m,2026-01-04,96.51,mixco,services
502980,daniel  castillo,f,2026-02-09,"214,92",amatitlan,services
501933,karla herrera,f,2026-02-08,"93,16",amatitlan,retail
500401,carmen hernandez,f,2026-02-20,"152,12",mixco,food
500792,monica torres,m,2026-02-16,"30,88",guatemala,food
500963,carlos reyes,m,2026-02-22,31.29,mixco,services
501388,paola dominguez,m,2026-02-20,459.44,quetzaltenango,services
500243,andrea morales,m,08/02/2026,131.60,amatitlan,food
500711,ricardo nunez,m,2026-02-11,246.08,amatitlan,food
504329,gustavo aguilar,m,18/02/2026,1.07,chimaltenango,services
504030,oscar ortega,m,13/01/2026,"10,13",quetzaltenango,education
503024,andrea dominguez,f,2026-01-06,113.39,guatemala,retail
500678,gabriela cruz,m,22/01/2026,481.84,mixco,education
504514,karla  herrera,m,19/02/2026,7.14,villa nueva,education
500484,karla lopez,m,14/01/2026,480.53,escuintla,services
501986,karla alvarez,m,2026-02-14,"491,11",escuintla,education
503962,miguel morales,m,2026-01-06,"93,96",amatitlan,services
502213,jose  ramirez,m,2026-02-08,"99,81",antigua,education
501205,kevin mejia,f,2026-01-13,"69,72",chimaltenango,food
504719,diana  herrera,f,2026-01-31,"36,12",quetzaltenango,education
502209,pablo  lima,m,24/01/2026,"246,69",antigua,retail
501927,monica solis,m,2026-02-27,155.13,guatemala,food
500190,oscar ortega,f,2026-02-09,desconocido,quetzaltenango,retail
500473,pedro  gomez,f,24/02/2026,344.67,mixco,retail
504809,daniel lima,f,2026-02-09,187.64,guatemala,food
504089,valeria dominguez,f,06/01/2026,432.82,mixco,food
501628,diana  soto,f,2026-01-06,22.97,chimaltenango,retail
502553,miguel molina,f,2026-01-22,96.49,antigua,retail
501981,andrea vargas,m,2026-01-10,"276,65",guatemala,education
504405,patricia rojas,f,2026-01-12,"65,14",amatitlan,services
502504,monica lima,m,2026-01-06,193.66,escuintla,retail
502044,maria ruiz,m,2026-01-31,desconocido,mixco,education
502437,miguel fuentes,f,18/01/2026,"5,18",quetzaltenango,education
500390,andrea mazariegos,f,12/02/2026,417.45,quetzaltenango,services
504055,isabel ramirez,f,21/02/2026,416.78,villa nueva,education
503969,sofia ortega,m,2026-02-10,"445,85",villa nueva,services
502274,hector  herrera,m,22/02/2026,"209,55",villa nueva,services
503408,isabel morales,m,01/02/2026,desconocido,guatemala,food
500279,daniel  hernandez,f,28/02/2026,406.72,amatitlan,services
502310,andrea herrera,f,2026-02-08,443.32,chimaltenango,education
504892,monica solis,m,22/01/2026,39.69,quetzaltenango,education
503531,gabriela reyes,m,2026-01-12,"440,77",mixco,services
503180,paola herrera,m,15/02/2026,330.10,amatitlan,services
501854,juan dominguez,m,25/01/2026,76.69,amatitlan,services
500054,jose aguilar,f,2026-01-15,429.88,villa nueva,food
504850,pablo  vargas,m,2026-01-11,"240,04",chimaltenango,retail
501878,fernando  reyes,m,26/01/2026,"432,68",mixco,retail
500277,isabel  mazariegos,f,2026-02-14,461.63,quetzaltenango,retail
504819,diana castillo,m,2026-02-05,"256,11",antigua,services
504295,carmen diaz,m,2026-02-03,"362,98",mixco,services
503135,karla castillo,f,2026-01-02,196.80,villa nueva,education
503621,laura mendez,f,25/02/2026,"207,23",mixco,services
500264,fernando  morales,f,2026-01-07,388.03,quetzaltenango,retail
504355,andrea  flores,m,2026-02-22,"194,61",quetzaltenango,education
503849,fernando nunez,f,2026-01-20,"86,59",villa nueva,retail
504386,isabel cruz,m,2026-01-18,desconocido,antigua,education
502146,sofia nunez,m,02/01/2026,"256,68",escuintla,retail
501101,elena ruiz,f,11/01/2026,desconocido,quetzaltenango,food
502742,sofia herrera,f,2026-01-19,"325,43",guatemala,education
502218,sofia mejia,f,26/02/2026,"230,12",mixco,services
503172,andrea nunez,m,2026-01-19,44.07,quetzaltenango,retail
501534,luis mazariegos,f,04/01/2026,"360,80",quetzaltenango,services
504598,valeria mazariegos,m,2026-01-11,desconocido,escuintla,services
502448,laura  molina,f,2026-01-14,486.00,escuintla,food
502536,pablo reyes,m,2026-01-31,"161,91",antigua,services
503330,ricardo cruz,f,2026-02-17,407.75,guatemala,food
500259,luis lopez,m,24/02/2026,378.38,guatemala,retail
504263,ana flores,f,2026-02-25,"470,70",guatemala,retail
502221,hector alvarez,f,21/02/2026,"456,01",mixco,food
501543,gustavo  hernandez,m,2026-01-28,374.90,guatemala,retail
500739,valeria dominguez,f,2026-02-27,"57,02",mixco,education
504620,monica ruiz,m,06/01/2026,"116,68",escuintla,food
504398,gabriela morales,f,2026-02-20,"393,69",antigua,education
502441,ricardo lopez,f,2026-01-31,"394,81",amatitlan,food
502909,paola ortega,m,2026-01-01,"472,25",mixco,education
501491,pablo solis,f,2026-02-05,"31,82",mixco,services
501910,pablo perez,f,25/02/2026,"67,06",guatemala,education
501271,ricardo mejia,f,2026-01-02,"255,64",antigua,services
503435,carmen alvarez,m,2026-01-02,17.59,mixco,education
502631,gustavo morales,m,2026-03-01,"202,04",mixco,retail
502774,monica ramirez,f,24/01/2026,"349,50",villa nueva,services
504466,ricardo castillo,m,2026-02-09,desconocido,villa nueva,services
502249,diana herrera,m,2026-01-16,"46,85",antigua,retail
501185,monica  hernandez,f,2026-02-01,103.42,antigua,education
502288,rene cruz,m,2026-01-29,"165,14",quetzaltenango,food
504031,pablo nunez,f,2026-01-06,"127,36",escuintla,retail
502381,maria herrera,f,2026-02-06,338.33,mixco,education
500169,gustavo paz,m,2026-02-26,"346,41",amatitlan,education
503421,kevin torres,f,2026-01-07,"243,71",mixco,food
503607,jose alvarez,f,2026-03-01,"33,65",,retail
504213,karla gomez,f,07/01/2026,desconocido,amatitlan,services
504546,paola molina,m,27/02/2026,300.27,chimaltenango,food
501380,andrea lopez,m,2026-02-07,"401,89",quetzaltenango,education
500194,daniel solis,m,16/02/2026,"36,35",desconocido,education
501863,oscar vargas,f,2026-01-18,desconocido,villa nueva,education
503708,gustavo lopez,f,2026-01-26,93.13,villa nueva,food
504346,diana soto,m,2026-02-05,252.14,amatitlan,education
504711,luis soto,m,2026-01-24,433.86,quetzaltenango,retail
500252,kevin solis,m,2026-02-08,342.74,escuintla,retail
504311,sofia gomez,m,2026-02-27,desconocido,antigua,retail
501512,valeria morales,m,2026-01-24,"115,88",antigua,education
503019,elena aguilar,m,19/01/2026,desconocido,quetzaltenango,food
503326,pablo nunez,f,24/02/2026,desconocido,amatitlan,services
502629,kevin mazariegos,m,2026-01-03,332.81,amatitlan,retail
503961,sofia molina,f,07/02/2026,"485,41",antigua,retail
504038,monica paz,m,10/02/2026,69.83,quetzaltenango,services
502676,elena ruiz,f,2026-01-02,96.44,mixco,education
500102,oscar solis,m,2026-01-28,444.17,quetzaltenango,food
501645,miguel diaz,m,2026-01-21,"425,76",villa nueva,retail
501461,laura alvarez,m,05/02/2026,"435,84",quetzaltenango,food
503813,diana nunez,m,2026-01-05,376.71,chimaltenango,education
501107,ricardo molina,m,10/02/2026,"76,55",mixco,food
501295,hector diaz,f,08/02/2026,"434,62",escuintla,services
502571,oscar ramirez,m,2026-02-16,24.62,guatemala,food
501046,maria vargas,m,2026-01-31,"52,69",antigua,education
501857,isabel solis,m,08/01/2026,"4,96",mixco,services
502020,luis herrera,m,2026-01-19,"492,73",escuintla,food
501365,gabriela dominguez,m,2026-02-04,69.48,amatitlan,education
501045,juan fuentes,f,2026-01-11,8.05,amatitlan,food
501515,ricardo ruiz,desconocido,2026-01-29,desconocido,desconocido,food
504538,patricia lima,f,2026-01-13,225.98,escuintla,services
504863,patricia rojas,f,2026-02-07,454.94,amatitlan,retail
502095,jose gomez,m,2026-01-31,"301,19",desconocido,education
503663,patricia soto,m,30/01/2026,desconocido,guatemala,education
500177,fernando perez,f,2026-01-07,186.28,mixco,food
502718,daniel vargas,f,16/01/2026,"404,88",mixco,food
500512,gustavo morales,f,2026-01-22,"385,48",escuintla,education
504713,isabel reyes,f,2026-01-29,91.34,chimaltenango,services
504057,carmen reyes,m,2026-01-06,288.40,,services
500698,juan castillo,f,2026-01-01,"423,94",desconocido,food
502147,ana paz,m,11/01/2026,"222,41",villa nueva,food
501858,gustavo  vargas,m,2026-01-14,492.79,escuintla,education
502485,laura lima,m,2026-02-15,331.04,mixco,services
504515,andrea lima,m,2026-01-27,"93,69",chimaltenango,services
503788,paola flores,m,2026-01-18,"116,97",amatitlan,education
504012,miguel gomez,m,2026-01-04,20.84,guatemala,education
502117,miguel herrera,f,2026-01-08,"75,53",antigua,services
502541,laura  herrera,f,04/02/2026,"244,78",quetzaltenango,food
500253,karla mejia,f,2026-01-09,487.73,mixco,food
500974,pablo reyes,f,2026-02-19,"330,07",mixco,services
502179,pablo ramirez,m,2026-01-24,299.25,chimaltenango,food
503659,hector mejia,f,2026-02-28,"280,93",chimaltenango,retail
500485,paola lopez,m,2026-02-20,"360,98",guatemala,food
501662,elena  herrera,m,27/01/2026,243.06,antigua,services
501745,hector reyes,f,2026-01-02,455.77,villa nueva,services
500713,hector fuentes,m,12/01/2026,215.81,quetzaltenango,food
504822,paola hernandez,m,2026-02-20,23.33,villa nueva,services
500244,gustavo molina,f,2026-01-07,352.40,chimaltenango,food
501239,oscar torres,f,07/01/2026,224.65,guatemala,services
501334,andrea ortega,f,29/01/2026,"288,88",chimaltenango,education
501763,karla mejia,f,2026-01-26,161.12,antigua,food
504583,gabriela herrera,f,2026-02-04,449.69,amatitlan,retail
501130,juan lima,m,2026-02-24,"262,24",chimaltenango,education
502547,hector paz,f,2026-02-27,"179,94",desconocido,retail
504056,elena reyes,,2026-01-01,"246,26",amatitlan,food
501701,ricardo fuentes,m,01/01/2026,464.12,escuintla,retail
504356,diana aguilar,m,28/01/2026,232.34,guatemala,food
503695,ana ortega,m,27/01/2026,"355,11",escuintla,education
502305,patricia diaz,f,2026-01-22,"336,39",quetzaltenango,food
502130,andrea morales,m,25/01/2026,"388,08",quetzaltenango,food
500714,carmen flores,m,2026-02-10,435.52,antigua,services
504168,rene flores,f,24/01/2026,137.75,antigua,education
504677,valeria soto,m,2026-02-03,"476,20",antigua,retail
500168,rene mendez,f,2026-01-21,"64,46",chimaltenango,food
504277,fernando  diaz,m,2026-01-02,383.97,mixco,food
502361,rene solis,f,2026-01-27,61.94,guatemala,retail
503485,luis hernandez,m,01/03/2026,315.07,guatemala,food
502748,miguel ruiz,m,2026-02-23,"69,02",amatitlan,services
503820,rene aguilar,m,2026-02-07,252.88,guatemala,education
501601,maria ortega,f,24/02/2026,439.54,guatemala,food
502048,andrea hernandez,m,21/02/2026,"487,76",quetzaltenango,education
502981,fernando hernandez,f,2026-02-19,468.64,escuintla,food
501768,maria  lopez,m,10/02/2026,"404,12",escuintla,education
502294,andrea  lima,f,2026-02-18,341.14,quetzaltenango,retail
502861,laura morales,desconocido,26/01/2026,desconocido,chimaltenango,education
501866,patricia  ruiz,m,02/01/2026,"64,41",amatitlan,food
503786,sofia  rojas,m,2026-01-28,86.66,chimaltenango,services
500332,kevin dominguez,f,01/02/2026,361.85,amatitlan,education
504661,rene dominguez,m,17/01/2026,"413,47",,services
503475,andrea gomez,m,2026-01-13,497.86,escuintla,services
502737,laura castillo,m,2026-01-04,"264,92",antigua,services
500081,patricia ruiz,f,2026-02-06,176.00,antigua,food
502682,carmen ortega,m,16/01/2026,467.29,villa nueva,education
501402,daniel soto,f,21/02/2026,"113,58",antigua,education
500845,pablo nunez,,2026-01-14,desconocido,chimaltenango,services
503087,laura soto,f,2026-02-24,6.94,villa nueva,retail
503909,hector lima,m,2026-02-22,"63,72",quetzaltenango,food
503537,pablo ramirez,f,16/01/2026,"180,04",chimaltenango,retail
501856,carmen  mejia,m,2026-01-31,447.40,amatitlan,food
504082,carlos fuentes,f,2026-02-08,458.41,quetzaltenango,services
501376,miguel herrera,m,2026-01-04,405.72,antigua,retail
504744,karla herrera,f,2026-02-24,90.04,antigua,services
502188,sofia molina,m,2026-02-05,"438,37",guatemala,retail
503556,kevin  fuentes,m,28/01/2026,351.74,mixco,food
500089,monica cruz,m,2026-01-21,desconocido,desconocido,services
500196,gabriela dominguez,f,25/02/2026,82.97,antigua,food
501944,elena ortega,m,2026-01-06,desconocido,chimaltenango,education
502475,kevin dominguez,m,2026-01-02,"202,34",desconocido,education
503587,diana molina,f,09/01/2026,149.45,villa nueva,food
500612,diana mejia,m,2026-02-13,288.56,mixco,retail
504211,laura dominguez,f,2026-01-05,125.44,mixco,retail
500756,rene herrera,f,2026-01-24,"25,64",escuintla,services
501625,daniel ortega,f,2026-01-31,446.54,amatitlan,education
502847,ana reyes,m,28/01/2026,"93,27",guatemala,retail
503242,sofia dominguez,,12/02/2026,"218,99",villa nueva,services
502944,pedro  dominguez,m,2026-02-23,148.65,mixco,food
503178,maria mejia,m,2026-02-19,421.24,quetzaltenango,retail
500887,luis  mazariegos,f,10/01/2026,"415,53",quetzaltenango,education
500556,jose rojas,f,28/02/2026,484.28,escuintla,food
504115,fernando rojas,m,09/02/2026,473.15,guatemala,services
504593,juan reyes,f,2026-02-12,"83,77",escuintla,food
504175,carmen  nunez,f,2026-01-01,"481,44",antigua,services
503655,valeria fuentes,m,2026-01-16,"384,84",chimaltenango,services
500790,isabel mejia,f,2026-02-23,"476,47",chimaltenango,food
501070,monica morales,f,2026-01-06,desconocido,quetzaltenango,education
500414,kevin flores,m,2026-01-09,436.23,chimaltenango,services
502410,luis  flores,m,2026-01-18,"365,62",desconocido,retail
503446,isabel ortega,f,2026-02-23,442.31,chimaltenango,food
504010,carlos paz,f,14/01/2026,"169,13",mixco,education
500857,karla solis,m,21/02/2026,4.91,quetzaltenango,retail
501236,ana soto,f,2026-02-22,144.03,chimaltenango,food
501990,isabel  torres,f,2026-01-08,desconocido,escuintla,retail
503429,miguel hernandez,f,2026-02-08,"150,66",amatitlan,education
502351,paola perez,m,07/02/2026,desconocido,escuintla,food
502751,ricardo  soto,f,2026-01-19,"242,52",mixco,retail
502126,carlos nunez,m,16/02/2026,365.49,mixco,services
503650,valeria aguilar,f,2026-01-05,184.53,villa nueva,services
503719,patricia ramirez,f,2026-01-16,444.67,amatitlan,retail
502199,ricardo vargas,m,20/02/2026,desconocido,quetzaltenango,services
503484,isabel lima,f,05/01/2026,348.56,escuintla,food
504092,carlos gomez,m,2026-01-04,194.49,quetzaltenango,retail
501571,jose gomez,f,2026-02-19,222.17,villa nueva,food
502172,elena lima,m,2026-01-18,171.69,amatitlan,food
502087,diana aguilar,m,20/01/2026,desconocido,chimaltenango,retail
503898,miguel mejia,f,07/01/2026,"380,28",antigua,services
501291,daniel reyes,m,03/01/2026,desconocido,villa nueva,food
503212,miguel  soto,m,2026-01-08,170.19,antigua,food
504393,monica alvarez,f,2026-02-01,27.86,villa nueva,retail
500070,paola rojas,f,26/01/2026,370.08,guatemala,education
502412,sofia cruz,m,2026-02-14,208.04,villa nueva,food
500018,karla perez,f,26/02/2026,"141,71",guatemala,food
500872,miguel mendez,f,2026-02-23,352.43,mixco,food
504454,ana dominguez,m,2026-02-14,107.35,antigua,retail
503523,ana herrera,f,2026-01-25,"341,85",escuintla,retail
501312,andrea nunez,m,2026-02-26,desconocido,chimaltenango,services
504858,diana mendez,f,2026-02-16,desconocido,mixco,retail
501832,pablo herrera,f,2026-01-25,"251,05",amatitlan,services
502647,miguel herrera,f,2026-03-01,122.86,guatemala,food
500696,andrea mazariegos,f,08/01/2026,"457,66",quetzaltenango,food
502189,rene perez,m,2026-01-07,"135,09",amatitlan,education
502786,jose  herrera,m,11/01/2026,desconocido,guatemala,food
501673,rene paz,m,2026-02-26,"474,41",villa nueva,food
503026,jose morales,m,11/02/2026,"244,22",escuintla,food
502926,oscar herrera,m,2026-02-04,"29,46",escuintla,retail
502436,elena ramirez,m,13/01/2026,"295,69",escuintla,food
504122,hector fuentes,m,2026-01-19,"61,88",villa nueva,retail
503942,patricia hernandez,m,2026-02-08,"196,75",amatitlan,retail
501815,karla aguilar,f,20/01/2026,66.10,amatitlan,retail
504569,ana morales,m,10/01/2026,43.00,amatitlan,food
502205,patricia mejia,m,2026-01-25,302.46,mixco,retail
500224,rene  morales,f,2026-01-22,455.51,guatemala,education
504362,kevin soto,f,2026-02-23,"435,26",escuintla,retail
504702,kevin cruz,m,2026-01-12,342.14,escuintla,retail
500834,rene rojas,f,2026-01-31,57.25,escuintla,retail
502295,hector solis,m,2026-02-22,"108,39",mixco,retail
502434,kevin ruiz,f,2026-02-05,"330,91",escuintla,retail
500071,diana mendez,m,2026-01-15,222.38,guatemala,services
503878,daniel torres,m,17/01/2026,298.55,quetzaltenango,education
502470,patricia ramirez,f,2026-02-11,desconocido,mixco,education
502635,ana aguilar,m,05/02/2026,"353,25",guatemala,services
501693,gabriela gomez,f,16/02/2026,"278,57",chimaltenango,retail
502849,isabel dominguez,f,2026-01-14,"461,76",,food
503746,pablo lima,f,2026-01-09,"429,96",chimaltenango,education
503778,oscar lopez,f,2026-01-24,"171,48",escuintla,retail
500585,oscar dominguez,f,2026-02-05,"231,52",mixco,food
504891,juan soto,m,2026-01-09,"446,82",chimaltenango,education
504490,laura ramirez,m,2026-01-16,"5,72",escuintla,services
501140,kevin alvarez,f,24/01/2026,"222,82",escuintla,services
500737,andrea  aguilar,f,2026-01-15,4.86,guatemala,education
501243,daniel lima,f,2026-02-27,401.79,villa nueva,education
500641,maria cruz,f,2026-01-11,"413,58",amatitlan,food
502883,sofia vargas,f,2026-01-20,"301,88",villa nueva,education
504729,gustavo mejia,m,2026-01-29,desconocido,escuintla,food
502200,andrea mazariegos,f,2026-01-10,496.71,mixco,services
500448,ana mejia,m,26/01/2026,167.71,antigua,food
501717,daniel soto,m,20/01/2026,378.26,villa nueva,food
501426,gabriela mendez,m,2026-02-15,9.33,amatitlan,services
504867,diana mazariegos,m,08/01/2026,"364,06",mixco,education
502895,paola mendez,f,2026-01-30,desconocido,escuintla,retail
504029,andrea aguilar,m,2026-01-31,178.76,villa nueva,retail
501298,valeria mendez,m,15/02/2026,"407,43",quetzaltenango,education
504528,hector  torres,m,2026-02-10,"54,70",desconocido,education
502057,juan  lima,m,2026-02-17,"75,48",amatitlan,education
500006,luis molina,m,2026-02-06,255.71,mixco,services
501650,hector  gomez,m,07/02/2026,"406,17",mixco,food
504594,carlos reyes,f,2026-01-28,"311,74",quetzaltenango,food
504000,diana paz,m,2026-01-14,desconocido,guatemala,food
501217,jose  herrera,m,2026-01-02,"407,96",quetzaltenango,education
501137,oscar reyes,f,2026-02-07,201.48,quetzaltenango,education
501342,kevin solis,f,2026-02-20,411.56,escuintla,education
503206,miguel molina,m,2026-02-19,324.24,guatemala,education
501698,valeria solis,f,2026-01-01,354.07,amatitlan,retail
500929,elena nunez,f,2026-02-02,224.00,antigua,services
504747,fernando  ramirez,m,13/02/2026,38.76,quetzaltenango,services
502315,carmen  ruiz,f,2026-01-10,491.71,quetzaltenango,education
504449,maria vargas,m,2026-02-26,"299,82",amatitlan,services
501095,luis castillo,m,19/02/2026,desconocido,,services
500478,ricardo mejia,f,2026-01-31,"2,95",guatemala,services
502565,patricia solis,f,2026-02-12,233.37,antigua,education
500047,juan soto,m,19/02/2026,"111,34",quetzaltenango,services
504885,isabel gomez,f,2026-02-15,"311,41",mixco,food
504558,ricardo mendez,m,2026-02-20,"127,98",antigua,food
500382,jose  hernandez,m,2026-02-03,"420,71",quetzaltenango,food
503287,ricardo  lopez,m,14/02/2026,"245,83",amatitlan,retail
502031,sofia  ruiz,m,2026-02-05,"12,44",antigua,services
501208,juan diaz,m,2026-01-12,126.96,mixco,food
500822,isabel mejia,f,23/01/2026,"102,84",mixco,services
502369,oscar fuentes,m,2026-02-03,"58,42",guatemala,education
502911,rene herrera,m,2026-02-22,"65,27",villa nueva,retail
502449,daniel  mejia,f,2026-02-21,desconocido,escuintla,food
502973,paola lima,m,2026-02-27,"387,96",villa nueva,retail
501189,karla reyes,f,2026-02-27,23.07,quetzaltenango,services
502987,miguel alvarez,m,2026-02-12,265.49,quetzaltenango,food
503335,sofia aguilar,f,2026-01-26,"428,32",quetzaltenango,retail
500809,monica mazariegos,m,2026-03-01,"36,11",chimaltenango,education
504842,gabriela  cruz,f,09/01/2026,desconocido,mixco,food
503473,daniel fuentes,m,2026-03-01,"317,79",villa nueva,education
500629,daniel mejia,m,02/01/2026,267.85,antigua,education
502252,hector flores,f,09/01/2026,317.39,escuintla,retail
504274,laura lopez,f,2026-02-15,"89,83",mixco,retail
504624,elena ruiz,m,2026-01-07,"21,28",antigua,services
500647,ana ramirez,m,2026-01-03,desconocido,villa nueva,retail
504749,diana  ramirez,m,2026-01-24,35.45,escuintla,food
500738,pedro castillo,m,18/02/2026,desconocido,amatitlan,retail
502248,monica reyes,m,2026-01-09,"492,13",amatitlan,services
503838,luis perez,m,2026-01-12,244.83,amatitlan,services
503601,gabriela nunez,m,09/01/2026,"335,78",mixco,retail
502778,hector lopez,f,2026-02-21,254.95,guatemala,services
502303,karla fuentes,m,27/01/2026,56.29,amatitlan,retail
504812,carmen  diaz,m,08/02/2026,desconocido,villa nueva,retail
503949,monica hernandez,m,2026-02-16,"14,40",escuintla,food
500601,pedro  vargas,f,2026-02-04,"154,48",desconocido,retail
504276,kevin hernandez,m,2026-03-01,"182,13",quetzaltenango,food
502834,diana ramirez,m,2026-01-08,"302,19",guatemala,services
500995,paola mendez,f,28/02/2026,"495,66",quetzaltenango,education
500598,maria lopez,m,2026-01-24,424.56,chimaltenango,retail
501341,laura flores,f,2026-01-17,"368,52",quetzaltenango,food
500335,rene gomez,m,2026-01-19,"177,96",quetzaltenango,retail
502034,isabel ruiz,f,25/01/2026,445.95,chimaltenango,education
504226,ricardo ruiz,m,25/01/2026,"391,06",antigua,food
502582,pedro dominguez,f,29/01/2026,428.51,guatemala,services
501659,karla dominguez,f,28/01/2026,"468,76",escuintla,education
501782,oscar gomez,f,2026-02-15,"469,79",chimaltenango,food
501018,maria  morales,desconocido,24/02/2026,desconocido,villa nueva,education
503894,andrea perez,f,2026-02-25,"410,33",villa nueva,services
504573,jose lima,f,2026-01-18,329.09,mixco,services
502994,fernando flores,m,11/02/2026,487.23,villa nueva,education
500084,isabel alvarez,m,2026-01-13,59.46,villa nueva,food
503320,hector cruz,m,2026-02-14,desconocido,amatitlan,education
504716,diana aguilar,f,2026-02-27,"318,45",mixco,retail
501953,jose castillo,m,2026-01-29,200.84,mixco,retail
503496,juan  paz,m,11/01/2026,356.56,quetzaltenango,retail
502559,gabriela alvarez,f,2026-01-15,406.40,antigua,education
503199,gustavo  mazariegos,m,2026-02-02,"291,06",mixco,food
503300,fernando gomez,m,2026-02-23,424.53,guatemala,food
502330,pablo  gomez,m,2026-01-05,"69,10",mixco,food
504308,gabriela perez,m,24/02/2026,"463,61",villa nueva,services
500305,luis ruiz,m,2026-01-18,"236,12",antigua,education
500424,juan perez,f,2026-01-09,249.57,mixco,food
504249,daniel  reyes,m,2026-02-11,457.06,quetzaltenango,retail
502069,karla nunez,f,13/02/2026,175.35,desconocido,services
504084,andrea lima,f,2026-01-14,"175,31",escuintla,services
502768,isabel  torres,f,2026-01-05,"131,40",villa nueva,retail
500391,andrea torres,f,08/02/2026,27.14,mixco,retail
501077,luis castillo,f,2026-01-11,41.42,guatemala,education
501393,hector lopez,,03/01/2026,"172,71",villa nueva,retail
500013,daniel  molina,m,2026-02-02,5.68,antigua,food
501575,paola lopez,m,2026-02-18,323.37,villa nueva,retail
500866,karla gomez,m,2026-01-20,75.42,escuintla,services
501442,pedro flores,f,14/01/2026,78.29,chimaltenango,education
503924,gustavo alvarez,m,2026-01-08,"478,68",chimaltenango,education
501852,ana torres,f,2026-01-24,315.91,antigua,retail
504251,ana rojas,f,01/02/2026,378.62,villa nueva,food
504389,luis soto,f,2026-01-11,487.69,antigua,education
502389,gustavo alvarez,f,2026-02-20,181.54,antigua,food
503213,pedro paz,m,2026-02-16,"279,14",desconocido,retail
503001,andrea ramirez,f,18/01/2026,"388,49",quetzaltenango,education
501377,pablo alvarez,f,2026-02-17,425.39,mixco,food
504350,gustavo soto,f,2026-02-23,419.46,villa nueva,education
501378,miguel paz,f,28/01/2026,"99,58",villa nueva,food
501751,monica paz,f,05/02/2026,"276,18",antigua,education
501644,valeria castillo,m,2026-01-07,desconocido,guatemala,retail
500765,gabriela gomez,m,2026-01-15,"494,90",villa nueva,services
500998,andrea reyes,m,2026-02-10,213.58,escuintla,education
503971,carlos  diaz,m,28/02/2026,"140,80",amatitlan,services
501427,pedro fuentes,m,2026-02-19,"68,41",,services
503835,pedro  mazariegos,m,2026-02-24,173.81,mixco,retail
503221,luis  alvarez,f,19/02/2026,379.17,mixco,services
501694,karla ortega,f,2026-02-13,"3,77",amatitlan,food
500356,paola ruiz,m,15/02/2026,444.72,villa nueva,services
500103,diana aguilar,m,2026-02-19,"87,29",mixco,retail
500751,juan soto,f,2026-02-26,"82,23",amatitlan,services
503257,valeria mejia,f,2026-02-07,"285,46",chimaltenango,education
503837,sofia vargas,f,2026-01-27,53.40,antigua,services
503281,ana herrera,m,2026-01-06,"188,47",escuintla,education
503039,carlos mejia,f,2026-02-19,desconocido,,education
500036,gustavo molina,f,2026-01-31,124.74,antigua,services
503317,diana nunez,m,2026-02-16,362.92,antigua,services
503404,maria lopez,m,2026-03-01,327.12,antigua,food
500016,monica diaz,f,2026-01-08,470.51,mixco,education
503076,gabriela paz,f,2026-02-12,desconocido,guatemala,food
502419,patricia lopez,m,2026-01-14,"445,56",villa nueva,food
502957,gabriela  fuentes,m,2026-02-02,120.91,escuintla,education
501988,gustavo perez,m,2026-02-20,"432,00",quetzaltenango,retail
503249,jose paz,f,18/01/2026,"104,65",mixco,education
500525,ricardo torres,m,28/01/2026,"33,97",chimaltenango,services
501483,monica molina,f,2026-02-19,"60,69",chimaltenango,food
500700,karla dominguez,m,12/01/2026,214.28,quetzaltenango,education
501956,valeria vargas,f,2026-02-01,"64,12",chimaltenango,services
502328,hector ramirez,m,18/02/2026,405.33,amatitlan,services
504146,monica castillo,f,24/01/2026,"471,05",chimaltenango,retail
500658,valeria reyes,f,2026-02-04,251.58,desconocido,services
500019,juan diaz,m,2026-02-28,275.85,villa nueva,education
502818,carlos ortega,desconocido,2026-02-13,157.52,guatemala,retail
500012,carlos morales,m,2026-02-25,desconocido,chimaltenango,retail
504588,gustavo ruiz,f,2026-01-18,"245,04",antigua,retail
504840,carmen molina,f,08/01/2026,"107,70",desconocido,retail
501633,ricardo ramirez,m,03/02/2026,desconocido,escuintla,food
501121,maria lima,f,2026-01-07,82.68,amatitlan,retail
501987,hector alvarez,m,27/01/2026,"286,48",chimaltenango,food
501871,laura aguilar,m,2026-03-01,desconocido,guatemala,services
503783,andrea castillo,desconocido,2026-02-05,396.47,mixco,education
503579,sofia alvarez,f,2026-02-10,"190,23",quetzaltenango,education
501416,maria nunez,m,2026-02-24,63.06,amatitlan,food
504294,karla herrera,f,2026-01-24,"81,62",villa nueva,services
501992,laura rojas,f,2026-01-01,183.70,quetzaltenango,education
500029,gustavo  perez,m,2026-02-21,"58,92",antigua,food
504853,sofia  cruz,f,2026-02-19,desconocido,escuintla,services
503159,patricia cruz,f,26/01/2026,"43,58",villa nueva,retail
503964,patricia soto,f,14/02/2026,86.96,guatemala,services
501267,juan hernandez,f,2026-01-20,desconocido,mixco,food
502962,valeria  morales,f,2026-02-19,431.56,escuintla,food
503856,kevin  herrera,f,2026-02-26,"196,04",amatitlan,education
501495,rene soto,f,06/01/2026,"493,16",antigua,education
501358,andrea lima,f,2026-01-19,"182,98",guatemala,services
502184,gabriela lopez,f,2026-01-03,desconocido,quetzaltenango,education
502494,carlos alvarez,m,18/01/2026,273.70,chimaltenango,services
504748,laura fuentes,m,06/02/2026,"184,22",quetzaltenango,food
503858,andrea torres,m,2026-01-15,"129,02",villa nueva,services
501937,maria hernandez,m,15/01/2026,"50,33",antigua,services
501963,hector gomez,m,2026-02-26,98.65,amatitlan,services
503316,carmen  rojas,m,2026-01-25,"292,16",amatitlan,services
504810,valeria paz,m,2026-01-03,68.99,amatitlan,education
504533,gabriela mendez,m,2026-02-03,"194,12",mixco,education
502153,pedro soto,m,12/02/2026,"306,66",escuintla,services
504770,kevin herrera,m,2026-01-06,235.65,escuintla,education
503940,karla lopez,f,27/01/2026,"444,20",desconocido,retail
504670,carmen  cruz,f,2026-01-14,247.47,escuintla,retail
502030,elena morales,f,2026-02-11,411.98,quetzaltenango,retail
501523,sofia torres,m,2026-01-09,22.59,villa nueva,education
502882,sofia ortega,m,2026-02-26,65.44,guatemala,education
503929,hector molina,m,2026-01-07,"104,15",villa nueva,education
504392,juan alvarez,f,18/02/2026,88.11,mixco,education
501901,jose mazariegos,m,2026-01-30,272.87,villa nueva,education
500769,fernando dominguez,f,02/02/2026,497.65,guatemala,services
503515,hector solis,f,2026-01-11,57.67,escuintla,education
504869,pablo torres,m,2026-02-27,142.33,escuintla,education
504746,miguel aguilar,,2026-02-04,"316,91",amatitlan,education
502212,patricia aguilar,f,2026-01-29,"94,28",desconocido,retail
501335,paola  dominguez,m,27/02/2026,"203,22",amatitlan,food
501473,gabriela molina,m,2026-02-11,47.89,villa nueva,education
501606,ana cruz,f,2026-01-14,377.82,villa nueva,services
501735,karla nunez,m,2026-01-19,desconocido,mixco,services
500022,elena lopez,f,23/01/2026,"6,33",escuintla,food
500201,pablo lopez,f,2026-01-11,"280,25",villa nueva,retail
502144,paola paz,m,2026-02-26,"83,27",mixco,services
500897,daniel vargas,f,2026-02-13,"161,83",desconocido,food
503626,sofia ramirez,f,2026-01-09,113.83,guatemala,retail
504207,valeria hernandez,m,2026-02-01,desconocido,amatitlan,retail
504799,karla ortega,m,2026-01-24,326.67,villa nueva,retail
501620,carlos solis,f,2026-02-05,394.92,villa nueva,retail
500164,luis ramirez,m,2026-02-28,"152,52",antigua,education
503263,gabriela ortega,f,08/02/2026,"77,04",villa nueva,services
501248,ana mejia,m,2026-01-22,44.63,amatitlan,education
502289,sofia dominguez,f,2026-02-10,"179,29",guatemala,education
503434,elena reyes,f,2026-02-24,"465,12",amatitlan,services
503993,ana lopez,f,2026-01-13,"101,28",amatitlan,food
501947,valeria castillo,m,2026-02-06,"385,55",villa nueva,services
502812,luis castillo,m,13/01/2026,"497,42",chimaltenango,food
501834,laura mejia,m,09/02/2026,129.29,escuintla,retail
503361,maria gomez,m,13/01/2026,"75,17",chimaltenango,services
503791,juan soto,m,27/02/2026,259.66,chimaltenango,education
502463,pablo  nunez,m,2026-02-13,135.04,quetzaltenango,food
502133,luis  torres,f,2026-02-15,"328,25",villa nueva,retail
504666,luis fuentes,m,2026-02-12,301.57,villa nueva,retail
500745,hector ramirez,m,2026-02-09,desconocido,amatitlan,retail
503153,daniel paz,m,18/02/2026,"126,52",escuintla,retail
502331,rene mazariegos,m,01/02/2026,desconocido,quetzaltenango,retail
501837,luis ramirez,m,2026-02-01,250.65,amatitlan,food
504178,gabriela  gomez,f,2026-01-14,"357,68",mixco,retail
503111,andrea castillo,m,2026-01-28,"151,85",amatitlan,education
501207,elena castillo,f,2026-02-26,"477,14",amatitlan,food
502156,luis ortega,f,2026-02-22,412.48,escuintla,education
502151,karla morales,m,2026-02-06,"398,48",antigua,services
503502,carmen soto,f,2026-01-29,102.90,antigua,services
500371,pedro ruiz,,2026-01-09,"110,24",amatitlan,retail
503535,ana molina,m,2026-02-19,119.08,villa nueva,services
502955,isabel rojas,f,10/02/2026,"58,38",antigua,food
500493,kevin herrera,m,09/02/2026,174.73,chimaltenango,education
501162,diana vargas,f,2026-02-08,"372,31",amatitlan,food
500152,ana nunez,m,2026-02-13,211.96,antigua,services
503674,fernando vargas,m,2026-02-16,103.66,guatemala,food
500357,andrea  aguilar,f,2026-01-06,desconocido,mixco,services
501296,juan mendez,m,2026-02-13,desconocido,chimaltenango,food
502533,hector vargas,f,27/02/2026,13.34,desconocido,retail
501974,isabel soto,m,20/02/2026,desconocido,villa nueva,services
500145,monica alvarez,m,2026-02-10,305.75,amatitlan,retail
502443,isabel reyes,m,2026-02-14,347.84,escuintla,education
502337,gustavo aguilar,f,2026-02-06,"126,52",guatemala,food
503704,gustavo fuentes,m,2026-01-29,138.27,villa nueva,services
500874,daniel aguilar,m,2026-01-28,"441,25",villa nueva,services
501324,isabel aguilar,m,2026-02-02,93.94,antigua,retail
504283,ricardo cruz,m,18/02/2026,"344,80",amatitlan,food
500027,elena diaz,f,01/03/2026,"43,26",antigua,education
500433,monica aguilar,f,2026-02-26,59.37,antigua,services
504481,pedro fuentes,m,02/02/2026,"311,53",chimaltenango,food
504460,ana  molina,,2026-02-03,135.99,quetzaltenango,retail
502678,carmen reyes,f,28/02/2026,desconocido,chimaltenango,retail
504354,elena diaz,f,28/02/2026,21.42,escuintla,food
501457,oscar lima,f,2026-01-04,198.53,quetzaltenango,food
503527,juan castillo,f,2026-02-19,324.64,guatemala,retail
500137,pablo  mendez,f,22/02/2026,"100,55",villa nueva,services
504636,ricardo fuentes,m,2026-02-01,"271,65",chimaltenango,food
502481,gabriela reyes,f,11/02/2026,"91,22",villa nueva,education
502012,karla diaz,f,2026-02-19,388.17,escuintla,food
502615,patricia fuentes,desconocido,2026-02-23,desconocido,amatitlan,retail
501777,oscar perez,f,28/02/2026,257.85,mixco,education
500262,sofia mejia,f,24/02/2026,99.92,amatitlan,food
502549,ana  soto,f,2026-01-06,"6,51",chimaltenango,services
500128,rene herrera,,08/01/2026,"112,15",quetzaltenango,education
504127,monica molina,m,2026-01-05,"84,37",antigua,education
502899,luis solis,m,2026-01-24,207.66,guatemala,education
500395,paola rojas,f,26/01/2026,376.14,guatemala,retail
504655,elena flores,f,2026-02-23,"485,47",antigua,retail
503590,patricia lopez,f,12/01/2026,63.40,antigua,services
503514,diana soto,m,2026-01-08,"404,84",escuintla,services
504348,valeria flores,f,2026-01-17,"14,46",guatemala,services
500515,oscar castillo,m,19/01/2026,"325,01",quetzaltenango,food
501586,carmen aguilar,m,08/01/2026,"467,46",quetzaltenango,food
500241,daniel mazariegos,m,2026-01-01,240.19,villa nueva,education
502341,hector  ramirez,desconocido,2026-01-13,"341,12",antigua,services
503384,sofia flores,f,2026-01-21,321.59,mixco,education
500722,andrea ruiz,f,2026-02-10,196.74,guatemala,retail
500726,pedro  lopez,m,2026-01-18,478.75,antigua,food
502802,carmen reyes,f,2026-02-17,320.77,chimaltenango,retail
502150,laura aguilar,,2026-01-04,"276,41",amatitlan,retail
501022,elena soto,m,28/02/2026,383.70,chimaltenango,services
500178,jose reyes,m,05/01/2026,"477,94",escuintla,food
500510,juan gomez,m,2026-02-14,"125,87",mixco,services
504779,oscar perez,m,03/01/2026,"234,06",chimaltenango,food
501397,maria castillo,f,2026-01-30,"45,60",escuintla,retail
502473,isabel lima,m,2026-02-28,"149,86",quetzaltenango,retail
500217,elena ortega,f,2026-02-02,168.45,villa nueva,services
501199,andrea reyes,f,2026-01-29,"119,86",quetzaltenango,retail
500101,luis hernandez,f,2026-01-06,"38,76",antigua,education
503013,juan castillo,f,2026-02-24,desconocido,villa nueva,food
500652,rene diaz,f,23/02/2026,"307,69",,retail
503240,carmen ortega,m,27/02/2026,"478,92",guatemala,retail
502109,carlos ramirez,f,18/02/2026,"93,22",villa nueva,food
504771,sofia alvarez,f,10/01/2026,459.48,antigua,food
504888,maria rojas,m,2026-02-04,228.73,amatitlan,retail
501803,diana lima,f,06/01/2026,"141,37",villa nueva,education
501671,patricia paz,m,2026-02-26,"423,84",amatitlan,services
500412,pedro molina,f,21/02/2026,53.46,amatitlan,education
500059,rene alvarez,f,2026-02-28,442.52,guatemala,services
501979,elena rojas,f,2026-01-11,364.80,villa nueva,food
504258,pablo  torres,f,2026-01-21,399.32,chimaltenango,services
503552,pedro  perez,m,21/01/2026,"428,36",antigua,retail
504016,juan diaz,f,01/02/2026,103.99,antigua,retail
504176,paola lima,m,2026-01-03,495.34,escuintla,retail
502273,patricia reyes,m,2026-02-21,"40,16",mixco,services
501056,karla  reyes,m,22/02/2026,desconocido,mixco,retail
501475,ricardo lopez,f,2026-01-28,"190,30",guatemala,education
501637,oscar mendez,m,2026-01-22,"174,63",mixco,retail
501573,pedro mazariegos,m,23/01/2026,"115,05",amatitlan,education
503338,maria soto,f,03/02/2026,"432,59",quetzaltenango,food
502546,miguel alvarez,m,2026-01-12,"432,32",guatemala,food
500049,laura  soto,f,01/03/2026,"272,32",guatemala,food
501565,gustavo hernandez,f,17/02/2026,"420,44",antigua,retail
504296,patricia mazariegos,f,2026-02-26,31.37,chimaltenango,services
503636,carmen alvarez,m,2026-01-18,"17,16",amatitlan,food
502572,luis ruiz,m,11/01/2026,"67,59",amatitlan,retail
503114,laura nunez,f,28/01/2026,"256,50",villa nueva,services
501691,rene herrera,f,27/01/2026,315.27,villa nueva,education
503598,carmen mazariegos,f,26/01/2026,336.90,desconocido,education
503747,juan fuentes,f,18/01/2026,432.33,villa nueva,education
500250,patricia diaz,f,2026-01-20,"169,39",escuintla,retail
504728,ana molina,f,2026-01-23,"428,15",quetzaltenango,retail
503794,isabel cruz,m,09/01/2026,"163,71",guatemala,retail
502828,rene hernandez,f,2026-01-30,desconocido,villa nueva,services
504109,gabriela herrera,f,2026-01-07,"445,15",escuintla,education
503976,pedro lopez,m,2026-01-11,"250,14",quetzaltenango,retail
503456,ana  alvarez,m,2026-02-28,227.57,escuintla,education
504370,carlos ruiz,m,02/01/2026,460.06,quetzaltenango,food
503274,carlos fuentes,m,2026-01-29,"168,87",mixco,education
504722,ricardo morales,f,2026-02-27,8.69,amatitlan,services
501624,monica lopez,m,2026-02-11,"328,98",amatitlan,food
500945,karla  torres,m,14/02/2026,346.04,amatitlan,food
504672,carmen fuentes,,2026-02-27,483.09,quetzaltenango,education
504756,luis fuentes,m,27/02/2026,39.01,amatitlan,services
501170,pedro flores,f,04/01/2026,118.92,mixco,education
502335,maria lima,f,19/01/2026,"251,96",mixco,services
502597,oscar perez,m,23/01/2026,"392,65",quetzaltenango,retail
502283,carmen ramirez,f,26/02/2026,487.31,quetzaltenango,services
503869,isabel castillo,m,2026-01-09,"29,74",amatitlan,education
501233,pablo herrera,m,2026-02-04,129.49,amatitlan,food
504634,laura mendez,m,08/01/2026,"114,37",guatemala,food
502027,fernando ortega,m,18/02/2026,484.25,mixco,services
501823,patricia ramirez,f,2026-02-15,133.85,quetzaltenango,retail
503072,juan molina,m,2026-02-04,261.19,amatitlan,food
501770,maria soto,m,09/01/2026,"89,98",escuintla,retail
503611,laura  solis,f,2026-01-14,"398,27",antigua,retail
503847,isabel mazariegos,m,16/02/2026,"97,17",escuintla,education
503134,ana nunez,f,2026-01-26,217.46,mixco,food
501649,maria gomez,m,2026-02-07,"100,72",quetzaltenango,services
503973,gustavo ruiz,f,29/01/2026,219.89,quetzaltenango,education
501444,carlos lopez,f,23/01/2026,"275,86",mixco,education
504373,pedro ortega,f,2026-02-17,485.79,amatitlan,retail
501441,luis molina,f,01/01/2026,198.73,guatemala,food
504406,isabel nunez,f,31/01/2026,"146,17",escuintla,food
502036,luis cruz,m,2026-01-16,298.15,guatemala,retail
501818,miguel aguilar,m,2026-02-15,"194,23",escuintla,education
504450,oscar diaz,m,06/02/2026,106.47,mixco,food
500931,gabriela aguilar,m,2026-01-03,263.64,quetzaltenango,retail
503486,luis morales,f,2026-02-25,"331,18",escuintla,food
500456,gustavo flores,m,2026-01-18,82.04,mixco,retail
504649,carmen castillo,m,2026-01-03,"265,79",guatemala,food
504474,ricardo fuentes,m,2026-02-12,343.21,antigua,services
501235,fernando herrera,m,2026-01-28,128.57,amatitlan,food
504278,rene nunez,m,2026-02-04,91.21,guatemala,services
504511,miguel torres,m,2026-01-11,371.60,mixco,retail
500965,isabel aguilar,f,2026-01-31,407.28,quetzaltenango,food
501124,carlos paz,f,2026-03-01,"367,63",antigua,retail
500846,miguel diaz,f,2026-01-10,277.55,chimaltenango,services
501680,kevin solis,m,02/02/2026,"264,39",antigua,services
502527,hector morales,f,2026-02-20,desconocido,chimaltenango,food
500830,paola mejia,m,2026-01-06,50.04,antigua,food
504138,sofia vargas,m,2026-01-08,15.64,quetzaltenango,education
503224,elena lima,f,25/01/2026,61.02,chimaltenango,retail
500129,elena reyes,f,2026-02-08,115.06,amatitlan,education
500247,hector cruz,f,16/01/2026,"200,01",villa nueva,education
502268,sofia ortega,m,2026-01-28,"191,67",quetzaltenango,food
501497,pedro herrera,f,2026-01-04,381.48,quetzaltenango,education
503941,fernando herrera,f,2026-02-04,97.19,antigua,retail
502698,diana vargas,f,18/02/2026,"29,65",chimaltenango,food
502003,sofia torres,m,18/01/2026,"430,10",quetzaltenango,services
502788,fernando ortega,f,12/02/2026,desconocido,quetzaltenango,services
504644,monica mazariegos,f,28/01/2026,56.27,guatemala,retail
501068,gustavo morales,m,2026-02-28,493.32,guatemala,food
502616,diana ruiz,f,2026-02-09,"331,39",amatitlan,retail
503107,monica diaz,m,2026-02-05,136.88,guatemala,food
502517,gabriela mejia,m,2026-02-16,337.27,antigua,services
500454,pablo ruiz,f,02/02/2026,446.51,,retail
502318,valeria fuentes,m,2026-03-01,"398,25",guatemala,retail
502275,gustavo herrera,f,2026-02-05,"108,73",guatemala,retail
502687,elena ortega,f,2026-01-27,"190,98",chimaltenango,food
504643,patricia  fuentes,m,03/02/2026,"91,36",antigua,food
502492,juan  castillo,f,2026-02-08,497.13,quetzaltenango,food
501977,isabel dominguez,m,2026-02-14,131.70,mixco,food
502203,gabriela lima,f,13/02/2026,225.00,amatitlan,retail
501739,paola fuentes,f,2026-02-25,465.78,mixco,retail
500565,diana lima,m,12/02/2026,22.31,amatitlan,food
500441,pedro  torres,m,13/02/2026,"324,73",quetzaltenango,services
500990,valeria ortega,f,14/01/2026,147.23,antigua,food
503714,carmen castillo,f,10/02/2026,"420,55",escuintla,education
500824,isabel ramirez,f,2026-02-25,403.18,villa nueva,food
500326,miguel herrera,f,2026-01-25,"327,16",escuintla,food
500746,maria  diaz,m,2026-01-19,"153,35",guatemala,retail
503175,rene nunez,m,2026-01-31,"371,57",antigua,food
501085,gabriela fuentes,m,13/02/2026,314.56,quetzaltenango,education
500671,fernando gomez,m,23/01/2026,31.71,mixco,education
503082,jose herrera,f,2026-01-01,150.35,mixco,retail
503518,patricia ramirez,m,2026-02-24,"14,52",guatemala,retail
503286,hector diaz,m,11/01/2026,174.31,villa nueva,services
500483,elena fuentes,m,2026-01-15,236.77,chimaltenango,retail
503363,gustavo nunez,f,2026-01-04,100.68,villa nueva,education
504501,daniel  fuentes,m,28/01/2026,desconocido,amatitlan,services
504881,gabriela mendez,f,2026-02-08,44.39,guatemala,services
500602,karla flores,f,2026-01-03,171.23,guatemala,services
504861,carlos aguilar,f,2026-02-17,284.06,quetzaltenango,food
502588,pedro morales,m,25/01/2026,19.74,chimaltenango,retail
500914,hector lopez,f,2026-01-29,239.17,amatitlan,retail
503051,pedro  flores,m,2026-02-27,278.36,amatitlan,retail
502375,miguel lopez,f,2026-01-25,475.22,escuintla,services
501870,paola reyes,f,21/01/2026,desconocido,chimaltenango,retail
504625,elena herrera,,2026-02-22,36.90,escuintla,services
504116,pedro molina,f,2026-02-02,140.48,quetzaltenango,services
500681,karla  ruiz,m,20/01/2026,"498,39",desconocido,food
500780,juan fuentes,f,2026-02-06,203.46,,education
501531,jose molina,f,2026-02-25,275.29,antigua,food
503129,ana rojas,f,2026-02-08,366.54,amatitlan,food
504690,isabel flores,f,2026-01-14,119.28,guatemala,food
504103,valeria gomez,f,19/01/2026,288.50,antigua,services
500405,isabel soto,f,2026-02-14,160.36,villa nueva,food
504470,karla  dominguez,m,2026-02-08,138.47,chimaltenango,retail
503348,ana dominguez,f,2026-01-17,"18,23",guatemala,retail
501168,ana reyes,m,2026-01-05,312.64,chimaltenango,education
503871,juan solis,f,2026-02-27,398.06,amatitlan,services
502457,andrea lima,f,2026-02-02,177.16,mixco,education
501316,ricardo vargas,m,12/02/2026,"465,05",escuintla,education
502014,valeria ramirez,f,2026-01-15,"325,82",desconocido,retail
503310,monica vargas,f,25/01/2026,"475,23",antigua,education
504635,ana paz,f,31/01/2026,135.52,amatitlan,food
500091,diana morales,f,07/02/2026,desconocido,chimaltenango,services
500366,andrea mendez,f,2026-01-24,"493,45",chimaltenango,retail
503077,daniel molina,m,2026-02-09,163.82,chimaltenango,retail
501326,ana lima,f,2026-02-02,411.59,villa nueva,services
504167,elena ortega,m,09/01/2026,"77,94",guatemala,services
504086,kevin  mazariegos,m,2026-02-10,"190,28",antigua,education
501683,luis mejia,f,2026-02-17,270.13,quetzaltenango,food
504209,oscar fuentes,m,2026-02-18,"7,28",amatitlan,retail
503853,sofia reyes,f,2026-01-04,"300,53",villa nueva,food
504302,diana ramirez,m,2026-02-23,desconocido,antigua,education
501174,laura nunez,m,13/01/2026,17.78,villa nueva,education
500949,juan gomez,m,2026-01-30,"454,02",antigua,education
501472,carlos ramirez,f,2026-02-03,299.57,chimaltenango,retail
503569,luis dominguez,desconocido,2026-01-17,252.64,escuintla,education
504001,sofia cruz,f,2026-01-24,"168,56",quetzaltenango,services
501188,miguel rojas,m,16/01/2026,desconocido,villa nueva,food
500814,pedro  aguilar,m,12/02/2026,"464,56",villa nueva,education
500310,juan soto,f,2026-02-06,261.96,antigua,food
502461,gabriela vargas,f,2026-02-16,471.92,chimaltenango,food
504834,valeria ortega,f,04/01/2026,34.23,mixco,education
501578,pedro reyes,m,2026-01-28,344.12,quetzaltenango,services
504626,carmen ruiz,m,2026-02-05,182.77,guatemala,retail
500480,hector rojas,m,2026-01-05,"202,88",guatemala,retail
500163,sofia paz,m,25/01/2026,"480,04",mixco,food
503080,carmen ramirez,m,2026-02-03,370.02,antigua,food
503882,pedro dominguez,m,11/02/2026,"98,43",villa nueva,food
503210,ricardo diaz,m,2026-01-05,312.50,mixco,retail
502538,jose herrera,f,2026-02-04,421.81,quetzaltenango,education
504864,kevin  diaz,m,2026-03-01,"161,66",escuintla,services
502380,rene paz,f,2026-02-23,"302,68",escuintla,services
503765,monica  soto,f,2026-01-21,desconocido,desconocido,services
502129,carmen soto,f,2026-02-13,"348,58",quetzaltenango,services
504837,patricia aguilar,f,2026-02-28,353.59,chimaltenango,food
501676,daniel ramirez,m,2026-02-17,desconocido,antigua,retail
501550,pedro mendez,m,2026-02-02,"441,79",guatemala,retail
504221,gabriela aguilar,f,2026-01-29,desconocido,quetzaltenango,food
503272,karla nunez,m,2026-01-05,desconocido,guatemala,food
500538,carmen gomez,m,2026-02-10,"476,12",quetzaltenango,food
500443,gustavo soto,m,2026-01-10,140.03,antigua,retail
502343,ana  aguilar,f,17/01/2026,295.61,guatemala,retail
503494,diana  flores,f,2026-01-31,"361,19",escuintla,retail
501460,maria gomez,m,02/02/2026,147.15,guatemala,retail
502692,patricia hernandez,m,13/02/2026,196.07,desconocido,services
500453,jose lima,f,2026-02-23,desconocido,amatitlan,retail
500256,kevin solis,m,2026-01-08,461.92,guatemala,services
503239,valeria herrera,m,24/02/2026,desconocido,desconocido,services
502132,pedro ruiz,f,15/01/2026,50.28,villa nueva,retail
500758,valeria  morales,m,2026-01-02,103.69,quetzaltenango,education
503284,fernando vargas,f,10/02/2026,"13,81",villa nueva,retail
503344,carmen vargas,m,2026-01-05,423.39,guatemala,retail
500727,pablo aguilar,m,23/01/2026,234.11,mixco,services
503687,karla gomez,m,2026-01-22,"383,61",escuintla,services
502993,jose rojas,m,2026-02-04,"437,80",mixco,education
501224,gabriela diaz,m,2026-01-22,"429,92",escuintla,food
501025,pedro hernandez,f,2026-02-24,"339,21",guatemala,retail
501541,isabel alvarez,f,2026-01-09,442.76,chimaltenango,education
501783,luis dominguez,m,2026-01-04,"444,96",chimaltenango,retail
504192,karla  hernandez,m,2026-01-05,220.31,amatitlan,services
504157,luis morales,f,2026-01-29,"75,14",amatitlan,retail
502496,gabriela fuentes,m,2026-02-18,"63,03",villa nueva,retail
501748,juan solis,f,2026-02-28,201.90,quetzaltenango,education
504132,andrea torres,f,2026-01-18,"327,58",quetzaltenango,food
500165,andrea gomez,f,23/01/2026,"486,40",villa nueva,retail
500322,luis flores,m,18/01/2026,"421,09",antigua,education
503491,andrea aguilar,f,04/01/2026,"36,22",chimaltenango,education
503226,ricardo alvarez,,2026-01-24,499.74,desconocido,retail
504300,jose dominguez,f,2026-02-14,30.21,amatitlan,retail
503678,laura ramirez,m,2026-02-04,"8,60",guatemala,education
501481,gustavo diaz,m,06/01/2026,"1,50",quetzaltenango,education
503138,karla vargas,m,2026-02-09,desconocido,escuintla,food
503382,oscar  castillo,f,13/02/2026,"410,50",escuintla,services
501385,laura solis,desconocido,2026-02-04,"436,91",antigua,food
501715,fernando vargas,m,2026-02-06,362.76,antigua,retail
501877,patricia nunez,f,2026-02-21,356.66,chimaltenango,education
501044,andrea molina,m,2026-02-28,"232,90",guatemala,retail
504755,rene  rojas,m,2026-01-17,"377,03",mixco,services
502429,luis herrera,m,2026-02-11,"278,00",guatemala,retail
504054,rene nunez,m,2026-01-30,"297,38",mixco,education
502080,hector  torres,m,2026-02-26,53.74,mixco,food
504678,monica fuentes,m,08/01/2026,"357,49",antigua,retail
500660,miguel torres,f,01/01/2026,171.68,guatemala,education
503254,ricardo hernandez,f,2026-01-05,"369,66",guatemala,food
503914,patricia molina,m,2026-01-20,205.23,antigua,retail
504266,daniel fuentes,m,01/02/2026,"372,07",chimaltenango,services
503270,elena reyes,m,26/01/2026,290.13,amatitlan,education
500490,sofia castillo,f,2026-02-06,desconocido,escuintla,food
501112,andrea aguilar,m,2026-02-20,"58,08",chimaltenango,education
504825,isabel lima,m,19/02/2026,"276,38",amatitlan,education
501043,rene  paz,f,2026-02-03,112.10,desconocido,services
501779,laura  vargas,m,2026-01-02,"39,61",mixco,education
503102,sofia gomez,m,2026-01-10,"240,53",escuintla,retail
500136,hector solis,f,05/02/2026,"146,85",chimaltenango,services
500476,ana  torres,f,2026-01-22,"23,58",antigua,education
500618,gustavo diaz,f,2026-02-09,desconocido,guatemala,food
504437,gabriela castillo,m,2026-02-25,332.41,antigua,food
503085,laura  herrera,m,2026-01-31,96.32,amatitlan,food
503648,miguel lopez,m,09/01/2026,"267,54",escuintla,education
503525,pedro diaz,f,2026-01-05,260.82,antigua,food
502092,gabriela gomez,f,2026-02-18,"49,53",quetzaltenango,education
503603,diana lima,f,2026-02-02,354.81,escuintla,education
500377,andrea rojas,m,2026-01-07,16.83,antigua,food
501696,juan paz,f,2026-01-26,desconocido,guatemala,education
500421,jose nunez,m,2026-01-08,255.43,villa nueva,education
502607,laura diaz,m,2026-02-07,"34,56",mixco,education
503861,fernando fuentes,m,2026-01-13,"248,05",amatitlan,retail
504403,miguel mendez,m,2026-01-17,desconocido,chimaltenango,food
503325,sofia alvarez,m,07/02/2026,367.29,chimaltenango,education
503070,ricardo alvarez,m,2026-01-31,desconocido,guatemala,retail
501163,isabel reyes,f,01/03/2026,291.79,antigua,food
503545,diana gomez,m,2026-01-23,470.69,quetzaltenango,food
501420,jose aguilar,m,2026-01-27,"405,74",villa nueva,retail
504182,rene perez,m,01/02/2026,174.38,mixco,education
500624,ana mendez,m,05/02/2026,56.92,antigua,food
503672,ana rojas,m,2026-02-22,285.75,amatitlan,education
504656,sofia aguilar,f,2026-01-06,"163,42",mixco,education
500688,carmen ortega,f,2026-02-14,desconocido,quetzaltenango,retail
502964,gustavo rojas,m,2026-02-09,"47,28",antigua,food
504439,maria torres,m,2026-01-07,"203,55",guatemala,education
501808,elena gomez,f,2026-01-08,"381,80",guatemala,retail
503264,luis castillo,f,2026-02-05,"474,04",desconocido,education
504595,rene lopez,f,2026-02-02,160.40,villa nueva,education
502762,daniel mendez,f,2026-02-14,"479,18",antigua,services
501809,monica ramirez,m,2026-02-07,"187,40",desconocido,services
502402,diana cruz,f,21/02/2026,"382,09",antigua,services
502106,carmen perez,f,2026-01-16,"112,12",chimaltenango,services
502627,carlos perez,f,2026-02-12,"32,04",escuintla,services
503147,jose molina,m,2026-01-01,desconocido,mixco,education
500502,maria hernandez,f,22/01/2026,"222,42",quetzaltenango,services
501431,patricia reyes,m,2026-02-23,"262,35",antigua,services
501251,valeria rojas,f,2026-01-04,"334,28",escuintla,services
500216,gustavo castillo,f,2026-01-10,"200,10",amatitlan,education
503987,oscar mejia,m,2026-02-03,"70,87",amatitlan,education
504759,pedro hernandez,f,2026-02-17,"263,19",escuintla,education
502239,carlos cruz,m,2026-02-22,"482,75",mixco,education
503548,juan morales,f,25/01/2026,124.13,amatitlan,food
500471,patricia ortega,m,2026-02-20,"66,86",escuintla,education
500797,andrea mejia,f,2026-02-21,desconocido,guatemala,education
504766,carlos ruiz,m,2026-01-14,"298,29",villa nueva,food
500611,elena torres,f,2026-01-17,51.96,quetzaltenango,retail
504180,rene perez,f,2026-01-24,"133,74",amatitlan,food
500221,kevin  reyes,f,27/02/2026,"29,68",escuintla,food
503926,jose reyes,m,2026-01-07,433.78,chimaltenango,food
504298,andrea aguilar,m,2026-02-19,"421,05",villa nueva,education
500787,pedro fuentes,f,2026-01-03,desconocido,villa nueva,retail
501520,monica morales,f,2026-01-14,"491,57",antigua,retail
500073,gustavo dominguez,m,2026-02-21,179.54,chimaltenango,retail
504852,elena flores,m,2026-02-16,"278,18",quetzaltenango,services
504345,gustavo morales,f,2026-02-06,"416,79",mixco,retail
502073,monica flores,m,21/02/2026,desconocido,antigua,retail
503276,patricia aguilar,f,31/01/2026,"112,27",villa nueva,services
504616,kevin gomez,m,2026-02-22,374.70,mixco,food
500330,pedro torres,f,2026-02-10,114.35,villa nueva,retail
503256,daniel alvarez,m,2026-01-15,desconocido,antigua,food
500065,rene  hernandez,f,2026-01-01,"395,67",amatitlan,services
504164,elena dominguez,f,13/02/2026,"324,84",escuintla,retail
503930,andrea dominguez,f,2026-02-16,"345,92",villa nueva,services
501516,carmen soto,f,17/01/2026,desconocido,antigua,food
501229,valeria reyes,f,2026-01-28,250.99,quetzaltenango,retail
501215,juan  reyes,f,2026-02-22,437.96,guatemala,education
504422,jose  ruiz,f,16/02/2026,"356,55",guatemala,services
504384,monica  molina,f,2026-01-21,"176,96",quetzaltenango,retail
502679,gabriela diaz,f,2026-01-13,29.27,antigua,retail
500982,gabriela cruz,m,2026-02-21,desconocido,quetzaltenango,education
504805,sofia  lopez,f,2026-01-22,414.49,chimaltenango,food
504149,jose mejia,m,2026-01-28,453.86,guatemala,education
502870,sofia alvarez,m,2026-01-02,"147,62",guatemala,services
503975,laura ruiz,f,20/02/2026,"482,03",quetzaltenango,food
501998,rene castillo,f,2026-02-24,"293,59",guatemala,education
504262,pedro fuentes,m,10/02/2026,"201,19",mixco,retail
502965,laura  gomez,m,2026-02-04,"15,97",chimaltenango,education
502313,monica mendez,f,26/01/2026,desconocido,quetzaltenango,retail
501001,daniel aguilar,m,2026-01-10,305.74,escuintla,food
500906,hector ruiz,f,08/02/2026,"323,98",escuintla,education
502456,luis soto,f,2026-01-29,284.75,guatemala,retail
504584,paola mendez,f,02/01/2026,"410,86",guatemala,retail
503810,laura gomez,f,2026-01-20,"498,71",desconocido,retail
502291,gabriela lima,f,2026-01-07,259.86,mixco,services
503770,ana perez,m,2026-01-07,"52,52",chimaltenango,food
502946,hector cruz,m,2026-01-13,"240,50",guatemala,education
503216,miguel molina,f,2026-01-25,"95,84",mixco,services
504343,carlos  aguilar,m,2026-01-20,237.46,mixco,food
502005,oscar hernandez,m,2026-02-16,432.24,amatitlan,services
504323,valeria paz,m,2026-02-06,"22,79",villa nueva,food
501303,miguel  dominguez,m,2026-02-23,"351,10",chimaltenango,retail
503901,elena torres,f,2026-02-17,329.08,antigua,education
500693,rene lima,f,15/02/2026,"206,86",mixco,retail
503584,kevin ramirez,f,2026-01-08,470.87,quetzaltenango,education
502653,oscar  mejia,m,20/01/2026,"144,13",chimaltenango,food
500561,rene vargas,f,2026-01-16,"312,80",escuintla,retail
500271,oscar nunez,f,2026-01-25,447.23,amatitlan,education
500922,paola castillo,m,2026-03-01,118.38,guatemala,retail
502896,carmen rojas,desconocido,2026-01-28,desconocido,escuintla,food
501596,diana  torres,m,14/01/2026,"19,57",villa nueva,services
503740,fernando perez,m,15/01/2026,495.61,quetzaltenango,services
501807,paola morales,f,2026-02-01,"189,78",guatemala,retail
500350,laura  castillo,f,2026-02-17,"189,38",desconocido,retail
500301,jose  cruz,m,2026-01-01,442.33,chimaltenango,retail
504305,luis paz,m,01/03/2026,41.93,quetzaltenango,retail
501597,diana vargas,f,2026-02-12,desconocido,villa nueva,food
503956,sofia  molina,m,13/02/2026,323.32,chimaltenango,retail
503724,fernando hernandez,f,2026-01-12,desconocido,antigua,education
504534,karla herrera,m,2026-02-16,358.32,amatitlan,food
502656,juan soto,f,29/01/2026,"267,75",amatitlan,retail
500187,patricia alvarez,m,2026-01-18,46.18,escuintla,food
500037,carmen herrera,m,2026-02-26,342.55,mixco,services
501234,karla  herrera,m,2026-01-29,383.97,quetzaltenango,education
504081,monica  nunez,f,2026-02-11,desconocido,amatitlan,services
503262,gabriela aguilar,m,01/03/2026,497.41,guatemala,food
501971,monica castillo,m,2026-01-08,165.13,mixco,retail
500783,gustavo ortega,f,09/02/2026,"497,80",chimaltenango,education
500603,patricia paz,f,2026-01-04,229.49,mixco,education
500774,gustavo nunez,f,23/01/2026,224.87,villa nueva,retail
502587,daniel hernandez,f,2026-01-26,200.64,antigua,services
504289,sofia lopez,m,2026-01-31,"262,69",mixco,education
502459,ana perez,m,03/02/2026,173.15,villa nueva,education
503438,pablo lima,f,2026-02-15,desconocido,mixco,food
502393,gabriela mazariegos,f,2026-01-21,183.76,villa nueva,services
501658,paola lopez,f,06/01/2026,desconocido,chimaltenango,services
501508,daniel lima,m,2026-01-04,desconocido,desconocido,food
503322,carmen fuentes,m,11/01/2026,303.13,escuintla,education
500614,pedro  vargas,f,2026-01-27,22.04,guatemala,services
503423,paola cruz,f,2026-01-10,85.49,escuintla,education
501449,oscar aguilar,m,2026-01-13,desconocido,escuintla,education
503366,rene rojas,f,2026-02-14,119.38,quetzaltenango,services
502574,oscar  gomez,f,13/02/2026,"367,16",guatemala,food
503113,maria dominguez,m,2026-01-10,"402,07",escuintla,education
500847,maria mendez,m,2026-01-20,desconocido,guatemala,food
500545,ana ortega,f,06/01/2026,166.74,amatitlan,food
500362,andrea reyes,f,2026-01-21,"89,94",amatitlan,retail
504736,carlos lopez,f,2026-01-26,"251,55",quetzaltenango,food
500446,pedro lima,m,2026-01-08,"474,90",antigua,services
500048,laura ramirez,f,30/01/2026,"297,35",villa nueva,education
503877,elena ruiz,m,2026-01-25,0.97,desconocido,education
501008,pedro alvarez,f,2026-01-18,80.15,quetzaltenango,services
501864,pablo molina,f,18/02/2026,419.83,guatemala,food
502769,carmen soto,f,2026-01-11,247.55,mixco,retail
500915,andrea diaz,f,2026-02-17,197.62,villa nueva,food
504467,luis lopez,m,2026-02-13,"330,46",chimaltenango,retail
504813,ricardo  lima,f,2026-02-08,311.11,guatemala,food
501850,miguel castillo,m,2026-01-08,353.36,mixco,retail
500184,gabriela cruz,m,2026-02-20,217.83,guatemala,education
501766,jose mendez,m,2026-02-28,"296,45",guatemala,food
504763,gustavo lima,m,2026-01-27,91.61,chimaltenango,education
502703,karla hernandez,f,2026-01-20,"423,92",mixco,services
503702,gabriela ruiz,f,2026-01-23,"385,68",chimaltenango,services
502839,maria molina,m,2026-02-18,"15,27",antigua,retail
501817,andrea molina,m,2026-01-24,"430,61",antigua,retail
501392,ana perez,m,16/01/2026,"337,09",antigua,education
500260,jose diaz,f,2026-01-24,"220,75",villa nueva,retail
502391,isabel solis,f,2026-01-09,323.07,amatitlan,services
501348,oscar molina,m,2026-02-22,128.96,quetzaltenango,education
500044,elena ruiz,f,2026-01-13,"404,90",escuintla,food
503892,ana solis,f,2026-01-02,"354,76",amatitlan,retail
502267,juan  nunez,m,13/01/2026,"324,45",antigua,services
500569,oscar mejia,m,2026-02-02,"442,24",antigua,retail
503010,paola gomez,m,2026-02-20,411.94,guatemala,services
502278,paola gomez,m,12/02/2026,desconocido,antigua,education
503220,sofia  fuentes,m,2026-01-04,192.65,guatemala,retail
504309,oscar flores,m,2026-01-22,"372,82",desconocido,food
502127,andrea mazariegos,f,20/02/2026,"465,88",escuintla,retail
503163,pedro torres,f,04/02/2026,95.68,amatitlan,food
500656,karla  reyes,f,12/01/2026,"240,38",guatemala,education
503490,gustavo ruiz,f,2026-02-13,16.93,guatemala,food
500729,hector castillo,f,2026-01-01,"27,23",guatemala,retail
502727,isabel perez,m,2026-01-08,"140,42",amatitlan,retail
503685,ana fuentes,m,2026-02-22,39.46,mixco,education
501939,karla solis,m,2026-01-12,233.24,antigua,services
504529,ana  rojas,f,2026-01-30,439.90,guatemala,services
502945,maria solis,f,2026-01-21,472.98,amatitlan,education
500543,juan diaz,m,2026-02-02,"148,71",mixco,food
501530,juan perez,f,2026-02-05,"78,22",villa nueva,retail
504174,luis fuentes,f,2026-01-27,"63,71",chimaltenango,retail
500695,sofia reyes,,14/02/2026,"311,56",quetzaltenango,retail
502959,daniel rojas,m,2026-01-20,desconocido,guatemala,education
503917,luis mejia,m,2026-01-22,"36,90",guatemala,education
500778,pablo  lopez,f,2026-02-17,468.69,chimaltenango,services
500901,monica lopez,m,11/01/2026,"185,33",antigua,services
503743,isabel alvarez,m,20/01/2026,"224,22",mixco,education
501076,miguel reyes,m,2026-02-27,146.12,mixco,retail
503782,laura hernandez,m,22/01/2026,491.29,quetzaltenango,retail
504264,paola cruz,m,2026-02-22,"40,26",escuintla,services
501191,maria molina,f,2026-02-08,60.51,villa nueva,services
503312,daniel ramirez,f,2026-02-20,424.46,antigua,education
500813,luis castillo,f,12/02/2026,374.82,escuintla,services
500093,carmen ramirez,m,14/02/2026,"273,22",amatitlan,services
504011,carlos  ramirez,m,2026-02-23,desconocido,mixco,retail
500280,carmen dominguez,f,2026-02-11,262.86,guatemala,retail
502420,sofia lopez,m,2026-01-19,desconocido,mixco,services
502815,paola fuentes,f,11/01/2026,127.19,villa nueva,education
500674,valeria ramirez,f,2026-02-14,"72,17",guatemala,services
501086,rene hernandez,m,29/01/2026,"146,21",chimaltenango,education
501047,kevin mejia,f,2026-02-21,desconocido,amatitlan,services
503020,gabriela ortega,f,2026-02-28,"270,49",escuintla,food
504801,rene ortega,f,2026-01-06,"215,69",escuintla,education
502689,luis mazariegos,m,26/02/2026,340.78,quetzaltenango,services
500111,luis reyes,f,2026-01-05,274.75,mixco,retail
501775,rene aguilar,m,2026-01-26,"228,29",antigua,food
501940,hector fuentes,m,2026-02-18,"192,36",quetzaltenango,retail
502677,pablo morales,m,2026-02-19,"174,46",escuintla,education
502093,pablo hernandez,f,2026-02-27,"340,91",amatitlan,education
502606,ricardo soto,m,2026-02-28,desconocido,guatemala,food
502382,gustavo paz,f,2026-01-15,"207,26",villa nueva,education
502531,luis  herrera,m,26/01/2026,"81,94",antigua,services
500531,isabel nunez,f,09/01/2026,"159,83",villa nueva,food
500171,miguel morales,m,16/02/2026,"463,33",desconocido,services
501903,juan ramirez,m,15/01/2026,205.89,antigua,retail
501536,diana cruz,f,17/02/2026,desconocido,guatemala,retail
503749,carmen ruiz,m,2026-02-19,148.20,desconocido,food
502772,andrea reyes,f,03/01/2026,336.94,quetzaltenango,food
501692,paola torres,f,17/02/2026,"93,56",guatemala,retail
503480,valeria fuentes,m,13/01/2026,desconocido,chimaltenango,food
502821,hector diaz,f,2026-02-26,desconocido,mixco,food
500861,daniel diaz,m,2026-02-08,"182,73",villa nueva,education
502583,andrea paz,f,22/02/2026,"73,28",antigua,education
501275,karla mazariegos,f,2026-01-02,"257,59",escuintla,services
500376,miguel molina,m,2026-02-03,"425,21",antigua,education
503974,diana lima,m,2026-01-02,127.86,amatitlan,services
501773,kevin mazariegos,f,2026-02-13,"242,05",antigua,education
501758,andrea nunez,f,2026-03-01,259.07,chimaltenango,food
504482,oscar cruz,f,2026-03-01,"383,12",chimaltenango,retail
501113,paola ramirez,m,2026-01-22,"1,20",,food
504133,gabriela ortega,m,2026-01-25,369.82,amatitlan,education
500661,patricia flores,f,2026-01-24,desconocido,mixco,retail
503186,rene soto,m,2026-02-24,54.66,guatemala,services
500651,jose  solis,m,2026-02-02,"162,86",mixco,food
502241,patricia gomez,m,2026-02-08,desconocido,quetzaltenango,retail
504007,paola ramirez,f,22/01/2026,269.67,guatemala,services
504292,pedro ruiz,m,2026-01-19,"392,26",guatemala,services
504793,kevin mendez,f,24/02/2026,191.77,mixco,services
500534,karla  hernandez,m,2026-02-28,"349,19",antigua,services
504179,oscar paz,f,2026-01-22,"100,14",chimaltenango,retail
502165,rene mejia,f,2026-02-28,134.57,mixco,education
500124,andrea diaz,m,2026-02-20,"69,20",mixco,services
504171,ana  castillo,m,2026-02-23,"214,04",escuintla,services
504706,isabel mejia,m,2026-02-27,464.67,chimaltenango,education
501972,ricardo perez,f,2026-01-22,"399,06",amatitlan,food
501959,luis dominguez,m,21/02/2026,31.32,mixco,services
504473,isabel ortega,f,28/02/2026,desconocido,amatitlan,food
500976,pedro mendez,m,2026-01-01,109.49,antigua,services
502220,gabriela aguilar,f,2026-01-16,140.22,guatemala,education
503859,carlos herrera,m,2026-01-28,383.54,amatitlan,services
500576,paola molina,f,2026-01-08,437.33,escuintla,education
500186,sofia  ruiz,f,2026-02-14,"308,78",villa nueva,education
501306,fernando ruiz,m,2026-02-06,"60,32",guatemala,food
503237,jose nunez,m,2026-01-09,312.47,amatitlan,education
501791,hector diaz,f,2026-01-11,desconocido,quetzaltenango,services
503968,isabel flores,m,12/02/2026,"132,30",guatemala,education
504363,rene mejia,f,2026-02-12,177.83,villa nueva,food
502651,miguel herrera,m,2026-01-30,457.90,guatemala,retail
500844,gustavo morales,m,2026-02-07,"477,12",escuintla,retail
501398,jose gomez,m,2026-01-22,"253,17",antigua,food
502394,maria  reyes,m,2026-01-08,457.42,desconocido,services
501562,carlos perez,m,2026-02-04,160.45,antigua,education
503406,andrea morales,m,2026-02-18,"327,87",quetzaltenango,retail
504530,sofia torres,m,2026-03-01,167.98,amatitlan,services
504599,andrea hernandez,m,2026-01-13,203.33,amatitlan,retail
504230,isabel molina,f,2026-01-29,11.70,quetzaltenango,retail
503893,pedro mazariegos,m,2026-02-06,desconocido,escuintla,services
503653,carmen torres,m,2026-02-16,"422,30",amatitlan,retail
503164,luis dominguez,f,09/01/2026,desconocido,escuintla,retail
504788,valeria vargas,m,2026-02-06,desconocido,guatemala,education
500345,gabriela vargas,f,30/01/2026,"414,99",,education
500805,miguel fuentes,f,06/01/2026,332.13,quetzaltenango,food
501566,juan reyes,f,2026-02-07,359.21,antigua,food
504487,monica diaz,f,2026-02-18,19.41,antigua,education
503711,gustavo vargas,m,2026-02-10,"454,52",quetzaltenango,services
503570,rene hernandez,f,2026-02-12,221.16,escuintla,services
502825,rene cruz,f,18/01/2026,48.81,quetzaltenango,education
503595,gustavo  paz,f,2026-02-22,219.89,villa nueva,retail
502229,hector solis,m,2026-02-02,162.27,quetzaltenango,retail
502284,ricardo castillo,f,2026-01-26,desconocido,villa nueva,retail
502314,patricia rojas,f,2026-02-07,"194,75",chimaltenango,services
500544,monica  rojas,m,18/01/2026,"296,34",chimaltenango,education
503125,valeria morales,m,2026-02-20,"323,33",villa nueva,services
502612,patricia molina,m,2026-01-08,364.03,quetzaltenango,education
500023,juan reyes,f,09/01/2026,"161,83",guatemala,education
503275,monica diaz,m,2026-01-20,426.22,mixco,services
504205,maria herrera,m,2026-01-04,242.35,escuintla,retail
500043,luis  paz,f,09/01/2026,"333,28",antigua,services
504525,oscar  lopez,f,2026-02-27,116.99,guatemala,retail
501362,elena  nunez,f,2026-01-22,320.43,escuintla,education
501026,carlos  ramirez,m,10/01/2026,"150,26",villa nueva,education
503913,juan ruiz,f,13/02/2026,"24,33",antigua,retail
503428,paola dominguez,m,23/02/2026,"169,21",mixco,retail
501149,kevin  fuentes,m,24/01/2026,"97,61",mixco,retail
502111,rene lopez,f,28/02/2026,"466,97",antigua,education
503933,laura  torres,f,2026-01-02,485.24,chimaltenango,food
503028,pedro alvarez,m,06/02/2026,"359,55",amatitlan,services
502705,carlos paz,f,2026-01-26,"147,37",chimaltenango,retail
504245,paola  aguilar,m,2026-02-27,"410,32",quetzaltenango,retail
502219,pedro lopez,f,2026-02-25,100.41,antigua,services
501996,daniel dominguez,f,28/02/2026,137.15,villa nueva,food
502266,carlos flores,f,2026-02-16,"494,22",amatitlan,education
502198,ricardo dominguez,f,17/01/2026,"392,78",antigua,food
504195,miguel reyes,m,07/01/2026,191.09,guatemala,retail
503925,valeria diaz,f,22/02/2026,"447,57",desconocido,food
501004,pedro rojas,m,2026-01-29,"418,92",mixco,food
502881,isabel mejia,f,2026-02-07,"16,74",guatemala,education
500367,sofia molina,f,2026-01-12,197.80,desconocido,food
503649,fernando morales,f,2026-02-06,"31,33",villa nueva,services
501511,maria cruz,f,27/01/2026,301.51,amatitlan,services
504005,monica herrera,m,2026-01-10,56.74,guatemala,services
501710,juan  cruz,f,2026-01-19,314.30,chimaltenango,education
500375,andrea  lima,f,2026-02-12,183.35,villa nueva,retail
500973,pedro ortega,f,2026-01-28,"288,55",desconocido,food
500229,carlos morales,m,2026-01-21,82.15,antigua,education
500435,carmen perez,f,2026-02-18,desconocido,escuintla,retail
502940,carlos diaz,f,2026-02-07,"303,20",chimaltenango,retail
502951,paola ramirez,f,2026-01-07,281.91,villa nueva,retail
501337,ana paz,f,2026-01-03,"71,78",mixco,education
501677,sofia mendez,f,2026-01-09,34.15,guatemala,services
503800,gabriela dominguez,m,2026-02-28,desconocido,villa nueva,services
501292,ricardo vargas,m,2026-01-01,137.42,quetzaltenango,food
502787,carlos solis,f,2026-02-22,"141,33",escuintla,food
500088,diana mazariegos,m,2026-01-29,desconocido,guatemala,services
504709,elena cruz,f,2026-02-22,215.74,mixco,education
500248,rene paz,f,2026-02-08,262.13,mixco,retail
504838,rene diaz,f,2026-01-13,"197,40",villa nueva,retail
504125,oscar castillo,,14/02/2026,43.98,escuintla,services
502507,maria  lima,f,2026-01-24,477.75,escuintla,education
500672,diana cruz,m,2026-02-07,desconocido,antigua,food
504804,carmen lopez,m,20/02/2026,"399,03",guatemala,food
503124,pedro paz,m,04/02/2026,138.19,villa nueva,retail
502161,laura ruiz,m,07/01/2026,"116,93",escuintla,services
502522,miguel fuentes,m,2026-02-19,"488,35",quetzaltenango,education
504394,juan aguilar,m,2026-01-01,432.06,amatitlan,food
502803,pedro flores,f,04/02/2026,258.61,antigua,food
502113,paola alvarez,m,2026-02-09,"235,33",villa nueva,education
500623,juan solis,f,01/03/2026,"271,38",antigua,retail
500984,luis flores,m,2026-02-08,54.19,escuintla,retail
502049,juan castillo,m,10/01/2026,"133,06",amatitlan,education
502879,carmen mazariegos,m,21/01/2026,"14,81",mixco,retail
504380,pablo mazariegos,f,2026-02-18,"257,61",chimaltenango,retail
500535,daniel vargas,f,17/01/2026,197.08,villa nueva,food
503244,elena lopez,m,2026-01-10,"449,55",mixco,retail
502202,andrea alvarez,m,17/02/2026,"98,99",amatitlan,education
504787,carlos hernandez,f,2026-02-16,458.61,,food
503100,carmen fuentes,f,2026-01-23,398.50,villa nueva,retail
502089,gabriela dominguez,m,23/01/2026,295.44,escuintla,retail
501549,karla lima,f,06/01/2026,71.10,guatemala,retail
500309,ana perez,f,2026-02-02,"301,10",amatitlan,food
501173,laura ortega,f,2026-01-11,"252,03",chimaltenango,education
503208,carmen lopez,m,2026-01-24,"42,30",amatitlan,education
502752,karla flores,m,2026-01-21,222.91,amatitlan,food
503992,andrea soto,f,07/01/2026,"177,57",guatemala,services
503229,rene soto,f,2026-01-02,desconocido,villa nueva,services
503303,juan diaz,f,14/02/2026,"440,91",amatitlan,education
503293,ricardo lima,m,2026-02-09,"239,18",mixco,services
502580,kevin  rojas,m,23/01/2026,"209,79",guatemala,education
502851,luis ruiz,f,14/01/2026,54.78,escuintla,retail
502862,kevin herrera,m,2026-01-05,216.51,mixco,food
500138,pedro diaz,f,23/02/2026,85.89,villa nueva,services
502613,gabriela molina,m,2026-01-12,475.31,guatemala,education
501518,miguel nunez,f,14/02/2026,"40,05",quetzaltenango,food
502061,kevin  dominguez,f,2026-01-30,"254,90",guatemala,services
504612,hector ortega,f,2026-02-10,"479,95",escuintla,food
501429,juan mendez,f,22/01/2026,"190,68",escuintla,retail
503761,kevin lima,m,2026-02-28,206.99,escuintla,retail
502888,hector lopez,m,2026-02-12,"479,02",quetzaltenango,food
502164,laura  morales,f,2026-01-02,desconocido,escuintla,services
501078,gustavo mazariegos,m,2026-02-11,"85,03",amatitlan,services
500970,monica molina,m,2026-01-20,"376,28",villa nueva,services
500270,rene mendez,f,2026-02-27,142.21,antigua,services
504360,ana fuentes,m,2026-02-09,"491,47",villa nueva,food
504507,carlos torres,f,2026-01-31,"132,81",chimaltenango,education
502813,oscar lima,m,2026-01-31,469.93,amatitlan,education
503814,fernando soto,f,2026-02-09,"410,50",guatemala,services
504316,pedro reyes,f,2026-01-12,"184,39",mixco,food
500085,luis perez,f,2026-01-27,379.91,villa nueva,food
503539,kevin diaz,f,2026-01-23,76.97,escuintla,food
501059,carlos solis,desconocido,2026-01-06,"149,04",villa nueva,food
504692,elena ortega,m,17/02/2026,"462,92",quetzaltenango,services
502722,fernando hernandez,f,27/01/2026,85.31,chimaltenango,education
500205,kevin castillo,m,2026-01-29,desconocido,mixco,services
504189,andrea lima,m,25/02/2026,436.29,quetzaltenango,education
502985,pablo reyes,m,2026-02-18,desconocido,antigua,retail
502021,diana alvarez,m,2026-03-01,89.39,guatemala,food
502542,andrea nunez,m,08/01/2026,361.28,mixco,food
501259,jose dominguez,,09/01/2026,"438,35",chimaltenango,services
503780,carlos lopez,f,2026-02-11,"489,99",quetzaltenango,services
501729,ana ortega,m,2026-02-14,93.57,quetzaltenango,services
504740,monica  solis,f,29/01/2026,"438,53",guatemala,education
500732,pedro solis,f,2026-01-02,desconocido,guatemala,food
501755,carlos alvarez,f,2026-02-18,213.60,desconocido,food
502175,pedro flores,f,17/02/2026,402.90,antigua,food
502418,carlos vargas,m,2026-02-02,"32,79",antigua,food
504721,fernando aguilar,m,2026-01-06,264.11,amatitlan,education
500902,daniel gomez,m,2026-02-13,desconocido,mixco,food
503866,andrea solis,f,2026-01-16,"20,81",desconocido,services
502299,patricia torres,m,2026-02-17,"21,60",chimaltenango,retail
500199,rene ruiz,f,03/02/2026,"304,34",guatemala,services
500074,isabel morales,f,2026-02-10,228.13,chimaltenango,services
502145,paola  mejia,f,2026-01-03,251.54,quetzaltenango,education
503735,gustavo dominguez,m,14/02/2026,"419,78",amatitlan,services
503146,isabel vargas,f,2026-02-06,"210,82",desconocido,services
500040,miguel  solis,f,02/02/2026,"364,17",quetzaltenango,food
501213,daniel alvarez,m,2026-02-27,475.67,quetzaltenango,food
500337,diana  aguilar,m,12/01/2026,"190,07",antigua,education
500827,pablo mendez,m,2026-02-17,"208,88",antigua,food
500189,miguel  vargas,m,2026-01-05,398.19,chimaltenango,education
503465,valeria vargas,m,2026-02-28,"62,40",antigua,education
500983,elena ortega,m,2026-02-01,"239,02",antigua,services
503851,daniel mazariegos,m,2026-01-23,27.80,antigua,services
502183,rene fuentes,m,19/02/2026,"83,61",guatemala,food
502110,gabriela fuentes,m,17/02/2026,"174,11",desconocido,services
504555,karla aguilar,f,2026-02-12,desconocido,desconocido,services
502320,paola  dominguez,f,12/02/2026,"331,99",escuintla,retail
502793,andrea dominguez,m,2026-02-23,84.47,villa nueva,services
503214,maria ortega,f,05/01/2026,"412,38",antigua,education
502373,fernando  hernandez,f,2026-01-13,238.82,escuintla,education
500090,paola ramirez,f,24/02/2026,"87,13",quetzaltenango,education
501936,paola  reyes,m,2026-02-10,"222,98",amatitlan,education
503265,isabel diaz,f,2026-01-19,"355,75",mixco,retail
502228,sofia hernandez,f,2026-02-26,"148,69",chimaltenango,education
500899,fernando castillo,m,18/02/2026,372.54,chimaltenango,education
503574,ricardo lopez,m,2026-02-10,260.06,escuintla,services
500275,gabriela ramirez,f,2026-02-19,"193,93",quetzaltenango,food
504568,luis ramirez,m,2026-01-26,26.17,escuintla,food
502327,gabriela ruiz,f,09/01/2026,"191,09",antigua,education
503306,ana mazariegos,f,2026-02-27,"210,79",villa nueva,education
504193,rene mejia,m,2026-02-10,"147,15",amatitlan,food
500321,gabriela rojas,f,2026-01-23,"67,72",villa nueva,education
502937,juan morales,f,2026-02-07,desconocido,amatitlan,food
503532,maria flores,m,2026-01-27,desconocido,quetzaltenango,retail
501592,carmen molina,f,05/02/2026,496.79,amatitlan,retail
502018,paola  fuentes,m,2026-03-01,desconocido,escuintla,education
501753,isabel paz,f,2026-01-18,"352,37",chimaltenango,retail
501254,carmen ramirez,m,2026-01-16,"368,68",chimaltenango,food
502223,oscar ramirez,m,10/02/2026,480.18,quetzaltenango,food
504240,isabel  perez,f,2026-02-24,269.60,escuintla,services
502395,jose lopez,m,2026-02-01,desconocido,quetzaltenango,food
504659,pablo  lopez,m,24/02/2026,171.48,escuintla,education
502801,paola gomez,f,2026-01-26,22.03,escuintla,education
500432,ricardo ruiz,f,2026-01-01,"438,82",villa nueva,retail
503593,elena hernandez,f,2026-01-25,27.17,mixco,food
503328,diana gomez,m,2026-02-11,"438,61",villa nueva,education
502285,daniel hernandez,f,2026-02-13,"154,28",antigua,education
503468,karla solis,m,2026-02-07,desconocido,chimaltenango,services
500458,hector vargas,f,2026-01-16,"58,89",guatemala,retail
502543,carmen ramirez,f,05/01/2026,"122,88",guatemala,services
500209,ana lopez,f,11/01/2026,16.77,escuintla,food
500771,gabriela nunez,m,2026-02-19,264.67,mixco,services
501920,hector mejia,f,2026-02-11,desconocido,villa nueva,education
503827,karla  cruz,f,27/02/2026,7.48,villa nueva,education
503081,sofia flores,m,2026-01-21,327.33,chimaltenango,food
503610,jose solis,f,2026-02-07,234.14,desconocido,retail
504223,oscar rojas,m,2026-01-28,218.71,escuintla,retail
500802,carlos cruz,f,2026-02-04,"462,04",escuintla,education
503752,laura dominguez,m,2026-02-24,410.45,mixco,retail
504267,carlos reyes,f,2026-02-08,"336,26",escuintla,food
504397,ana nunez,m,01/01/2026,250.58,escuintla,food
504580,pablo castillo,f,2026-01-07,"40,94",guatemala,education
500867,oscar  hernandez,m,14/01/2026,"249,56",antigua,services
501663,patricia  mendez,m,2026-01-28,141.83,villa nueva,education
503972,kevin molina,m,2026-02-28,"356,94",antigua,retail
501482,pedro castillo,f,2026-01-08,333.77,mixco,education
501160,diana vargas,m,2026-02-26,"471,59",mixco,retail
501089,pablo castillo,f,2026-01-12,desconocido,chimaltenango,services
503416,luis perez,m,2026-03-01,"445,72",amatitlan,retail
501720,diana diaz,f,2026-02-26,desconocido,chimaltenango,food
500666,pedro ramirez,f,24/01/2026,"372,32",mixco,food
500320,gustavo solis,f,2026-02-14,359.37,villa nueva,food
500880,isabel flores,m,2026-01-16,desconocido,mixco,retail
504887,isabel herrera,f,2026-02-12,"282,64",guatemala,services
502744,luis dominguez,m,27/02/2026,"142,32",amatitlan,retail
501006,jose ramirez,m,2026-01-03,"372,81",villa nueva,retail
501507,pablo morales,m,2026-02-03,"210,33",,education
500284,carlos molina,f,28/01/2026,202.64,amatitlan,education
501447,ricardo ruiz,m,2026-01-08,87.17,antigua,services
503149,andrea soto,f,26/01/2026,"465,47",guatemala,retail
501245,gabriela hernandez,m,2026-02-10,desconocido,quetzaltenango,food
500033,elena ruiz,m,2026-01-15,"175,62",desconocido,food
500736,karla  rojas,f,2026-01-02,342.28,amatitlan,services
501962,carmen lopez,f,2026-02-16,312.34,,services
502316,gabriela paz,f,2026-02-17,"141,32",villa nueva,food
502270,gustavo nunez,f,2026-02-08,43.52,villa nueva,food
501900,pablo ruiz,m,2026-01-16,"437,96",chimaltenango,food
503700,pablo alvarez,m,07/01/2026,159.00,villa nueva,services
504042,carlos gomez,m,2026-02-06,"99,53",quetzaltenango,food
501883,valeria ortega,m,25/01/2026,322.98,amatitlan,services
503003,gabriela mazariegos,f,2026-02-09,279.76,chimaltenango,services
504731,daniel mendez,f,21/02/2026,"42,03",guatemala,food
501924,jose  lopez,m,2026-02-02,239.09,mixco,services
500370,gabriela molina,f,2026-02-22,"140,13",mixco,food
501731,hector ortega,m,2026-02-27,106.88,,retail
504732,paola ruiz,f,05/01/2026,46.10,villa nueva,services
504037,valeria ruiz,f,2026-02-17,424.46,chimaltenango,retail
504688,laura mejia,m,2026-01-07,"127,33",mixco,education
501509,oscar lima,m,2026-02-12,"250,31",chimaltenango,food
502013,elena reyes,f,2026-02-10,desconocido,mixco,retail
500173,ricardo vargas,m,2026-03-01,15.84,villa nueva,services
504607,pedro mendez,f,07/02/2026,desconocido,quetzaltenango,retail
503443,pablo ruiz,desconocido,2026-02-19,"22,67",mixco,services
502090,monica mejia,m,2026-01-31,237.89,quetzaltenango,services
501222,sofia molina,f,2026-02-08,desconocido,quetzaltenango,education
503250,andrea mejia,m,2026-01-21,35.92,mixco,food
500428,karla gomez,m,2026-02-21,432.15,guatemala,retail
501767,valeria mejia,f,19/02/2026,"81,62",villa nueva,retail
500223,pablo  dominguez,f,2026-02-22,"429,81",chimaltenango,services
501394,rene soto,m,10/01/2026,"347,50",villa nueva,retail
504137,fernando aguilar,f,18/01/2026,"269,23",escuintla,retail
501519,miguel alvarez,f,2026-01-16,"459,16",quetzaltenango,education
502077,laura flores,f,17/01/2026,"167,74",villa nueva,education
502886,sofia herrera,f,2026-02-19,"274,90",antigua,services
504291,maria castillo,m,27/01/2026,"450,48",mixco,services
501738,hector soto,m,2026-02-10,260.71,chimaltenango,food
501743,gustavo perez,f,2026-02-23,154.60,quetzaltenango,food
504216,kevin alvarez,f,2026-01-22,280.94,villa nueva,retail
502840,luis ortega,m,01/01/2026,151.38,guatemala,education
501226,valeria dominguez,m,2026-01-11,desconocido,quetzaltenango,food
501009,diana cruz,f,19/02/2026,322.35,chimaltenango,services
500720,fernando aguilar,f,13/02/2026,"229,36",quetzaltenango,services
502743,paola lopez,f,24/02/2026,"112,65",chimaltenango,education
502501,elena  mendez,m,2026-02-09,desconocido,escuintla,retail
502969,daniel gomez,m,2026-02-11,3.50,amatitlan,retail
501151,karla morales,desconocido,10/01/2026,312.42,guatemala,services
504767,diana mejia,f,03/01/2026,37.48,villa nueva,education
500953,diana aguilar,m,2026-01-26,"185,93",escuintla,education
501875,diana  castillo,m,2026-02-01,"129,48",escuintla,food
502246,isabel dominguez,f,2026-01-11,499.15,mixco,food
502386,andrea diaz,f,2026-01-19,473.11,escuintla,services
500318,kevin cruz,f,2026-01-22,219.74,quetzaltenango,retail
502088,fernando lopez,f,26/02/2026,276.87,amatitlan,food
500768,kevin molina,m,10/02/2026,"160,73",quetzaltenango,retail
501540,oscar  diaz,m,04/02/2026,"170,45",villa nueva,services
500882,sofia ruiz,f,2026-02-27,71.99,guatemala,services
503017,monica mazariegos,f,2026-02-20,102.54,chimaltenango,food
501092,andrea  lopez,m,2026-01-17,43.30,quetzaltenango,retail
502493,miguel mazariegos,f,2026-02-07,desconocido,antigua,retail
503371,elena flores,f,2026-01-20,"456,84",chimaltenango,retail
501626,miguel ruiz,m,17/01/2026,"382,27",quetzaltenango,education
501563,andrea  aguilar,f,30/01/2026,"301,91",villa nueva,retail
502562,monica cruz,f,03/01/2026,"33,80",escuintla,services
504430,carlos mendez,desconocido,2026-01-17,236.91,escuintla,food
502118,oscar ortega,m,21/02/2026,"255,57",escuintla,food
502474,pablo ruiz,f,2026-01-25,"324,53",chimaltenango,food
503091,pablo gomez,m,2026-02-05,30.74,guatemala,retail
502691,karla  reyes,m,2026-02-23,desconocido,quetzaltenango,education
500462,ana  soto,f,2026-02-15,486.37,desconocido,retail
504252,ana perez,f,2026-02-12,494.29,escuintla,retail
501697,valeria morales,m,2026-01-27,desconocido,antigua,services
503356,gustavo aguilar,,2026-02-19,"223,64",villa nueva,food
504478,oscar diaz,m,01/03/2026,"41,90",chimaltenango,services
503795,rene herrera,f,05/01/2026,desconocido,quetzaltenango,retail
503614,maria lopez,m,21/02/2026,217.05,quetzaltenango,services
500811,laura  dominguez,f,2026-01-21,desconocido,escuintla,food
503184,elena dominguez,m,14/01/2026,"35,66",guatemala,retail
503362,laura nunez,m,2026-01-16,"382,89",guatemala,services
502666,isabel vargas,m,2026-02-24,341.05,antigua,education
500640,ricardo paz,f,14/01/2026,283.51,amatitlan,services
501159,carlos fuentes,m,05/01/2026,"177,45",amatitlan,services
500167,sofia flores,m,2026-01-31,499.47,villa nueva,retail
504560,fernando  ortega,f,2026-02-28,205.36,guatemala,services
502169,kevin torres,m,2026-02-24,"29,38",antigua,services
503643,patricia molina,m,2026-02-04,desconocido,chimaltenango,food
502140,gustavo gomez,f,01/01/2026,"297,62",mixco,food
504248,diana fuentes,f,14/01/2026,"428,20",villa nueva,food
500873,ricardo alvarez,m,07/01/2026,"6,55",amatitlan,education
503457,pablo paz,m,2026-01-27,"483,37",quetzaltenango,education
503848,paola reyes,f,2026-01-16,404.43,mixco,food
502685,isabel torres,m,2026-01-09,450.80,escuintla,education
502867,ana castillo,m,06/02/2026,desconocido,amatitlan,education
504485,jose nunez,m,2026-01-28,"365,01",antigua,education
502560,hector solis,f,2026-02-03,desconocido,escuintla,food
503977,daniel dominguez,f,06/01/2026,160.30,escuintla,retail
504859,elena  alvarez,m,2026-01-20,230.09,mixco,retail
504358,hector  nunez,f,2026-01-25,desconocido,amatitlan,retail
500670,jose torres,m,03/02/2026,207.49,guatemala,services
504689,carmen castillo,m,10/02/2026,desconocido,desconocido,retail
500316,laura  diaz,f,07/02/2026,431.01,amatitlan,services
503055,fernando hernandez,f,28/01/2026,324.89,amatitlan,services
500083,maria paz,m,2026-01-11,469.06,quetzaltenango,food
500455,diana hernandez,f,08/01/2026,134.64,amatitlan,food
501695,carlos ramirez,f,17/01/2026,164.80,villa nueva,education
503005,carmen molina,f,2026-02-19,desconocido,amatitlan,services
503817,valeria ramirez,f,2026-02-20,459.13,quetzaltenango,retail
503634,juan gomez,m,2026-02-15,"442,48",guatemala,education
502827,maria ortega,m,11/02/2026,"93,21",antigua,education
503280,karla lima,f,2026-01-26,"231,33",mixco,retail
500871,carmen solis,f,2026-03-01,221.44,antigua,retail
503243,carmen  fuentes,m,2026-02-25,"84,60",guatemala,retail
501576,elena  ruiz,f,29/01/2026,352.81,guatemala,food
502378,kevin  mejia,m,2026-01-18,312.73,guatemala,retail
502516,daniel nunez,m,2026-01-15,7.88,escuintla,education
504325,hector  ruiz,f,2026-01-07,479.28,quetzaltenango,services
501616,luis  soto,f,20/01/2026,"70,12",mixco,retail
504772,carlos herrera,desconocido,29/01/2026,174.93,antigua,education
501145,ricardo  ortega,m,2026-02-26,desconocido,quetzaltenango,services
503377,gustavo alvarez,m,2026-01-03,431.06,antigua,food
500662,laura mazariegos,f,24/01/2026,"312,39",amatitlan,education
502308,sofia soto,f,2026-02-20,"332,54",villa nueva,retail
502671,elena  perez,m,2026-01-27,desconocido,chimaltenango,education
500804,sofia morales,f,2026-02-10,111.97,antigua,services
502385,elena cruz,f,2026-02-13,"11,78",quetzaltenango,education
501665,oscar ruiz,f,2026-02-17,"182,65",guatemala,education
504878,pedro hernandez,m,2026-01-15,357.05,antigua,services
502317,pablo gomez,f,2026-02-10,140.55,guatemala,food
501301,oscar herrera,f,2026-01-01,420.73,amatitlan,services
504387,isabel vargas,f,2026-02-08,357.31,guatemala,food
501898,diana aguilar,m,2026-01-26,463.89,villa nueva,education
500342,diana  rojas,desconocido,2026-02-02,desconocido,villa nueva,education
500917,luis herrera,f,19/02/2026,desconocido,guatemala,services
503398,carmen mejia,m,01/01/2026,desconocido,mixco,retail
502901,daniel molina,m,2026-01-15,"452,65",mixco,education
502796,ricardo mazariegos,f,2026-01-22,desconocido,quetzaltenango,food
503148,ana alvarez,m,2026-01-28,"418,33",amatitlan,services
503059,paola  alvarez,f,2026-01-24,"293,68",escuintla,food
502759,gustavo molina,m,02/02/2026,"184,70",mixco,services
500818,monica  solis,m,2026-02-20,desconocido,mixco,retail
500978,pedro torres,m,01/01/2026,"170,83",chimaltenango,retail
500752,ana aguilar,f,2026-01-23,461.34,guatemala,food
500926,pedro dominguez,f,2026-02-27,"130,43",quetzaltenango,retail
501384,patricia solis,m,2026-02-20,161.27,quetzaltenango,education
503230,ricardo morales,m,2026-02-02,"234,98",villa nueva,services
501082,juan soto,m,2026-01-07,425.51,chimaltenango,services
503623,gustavo reyes,m,2026-01-24,11.49,mixco,retail
503785,rene soto,m,2026-02-21,"100,37",villa nueva,retail
500017,valeria torres,f,2026-02-15,desconocido,guatemala,retail
502322,miguel castillo,m,2026-02-21,218.25,quetzaltenango,services
504119,sofia lima,m,2026-02-26,"284,09",escuintla,retail
502885,maria gomez,f,2026-01-20,116.84,guatemala,services
502187,luis morales,m,2026-01-10,179.53,amatitlan,services
501471,andrea soto,f,2026-01-30,114.17,amatitlan,retail
503850,jose lopez,m,01/03/2026,94.36,chimaltenango,retail
504596,maria  nunez,m,27/01/2026,desconocido,amatitlan,education
504026,juan paz,f,2026-02-06,"392,94",amatitlan,services
502190,fernando ramirez,m,2026-01-14,"86,29",amatitlan,retail
503032,fernando mejia,m,12/01/2026,391.13,chimaltenango,retail
503707,elena soto,f,29/01/2026,"418,89",amatitlan,retail
501824,oscar  cruz,m,2026-02-02,"316,46",quetzaltenango,food
504897,kevin  flores,f,2026-01-26,113.72,amatitlan,education
503764,jose gomez,m,2026-02-06,"116,52",escuintla,education
504438,paola torres,m,2026-01-28,275.55,amatitlan,services
504028,ana flores,m,2026-02-15,"171,77",chimaltenango,education
500283,carmen diaz,m,2026-02-16,"164,41",quetzaltenango,retail
503222,sofia lopez,f,2026-01-25,234.13,amatitlan,retail
500092,laura dominguez,f,11/02/2026,2.82,quetzaltenango,services
503999,miguel ruiz,f,2026-02-24,284.22,antigua,food
504585,elena reyes,f,03/01/2026,259.54,antigua,retail
500831,oscar alvarez,f,27/01/2026,"65,89",guatemala,retail
502928,diana vargas,f,17/02/2026,172.01,escuintla,food
500162,isabel  dominguez,f,16/01/2026,18.40,mixco,retail
504758,andrea aguilar,m,2026-01-10,289.26,guatemala,services
502019,patricia  dominguez,m,2026-01-13,"283,67",guatemala,food
503309,hector herrera,m,2026-02-08,"428,88",escuintla,food
502426,monica mazariegos,f,10/01/2026,102.08,mixco,services
500608,monica  ortega,f,2026-01-02,"347,07",quetzaltenango,services
504120,patricia cruz,m,04/02/2026,272.06,chimaltenango,education
504142,paola mendez,m,2026-01-22,413.29,mixco,services
501344,juan ramirez,f,2026-02-28,"428,59",amatitlan,education
504431,gabriela nunez,f,2026-01-02,445.73,antigua,services
504183,valeria mendez,f,2026-02-25,"356,73",villa nueva,services
503617,laura  hernandez,m,2026-02-27,"386,39",quetzaltenango,education
502017,jose alvarez,m,13/02/2026,267.57,amatitlan,education
504067,pablo flores,f,09/01/2026,40.33,antigua,services
501950,elena  aguilar,m,2026-01-05,"309,08",guatemala,food
503021,maria lopez,f,2026-01-12,235.83,mixco,food
502483,valeria soto,m,2026-02-20,134.93,escuintla,services
504140,monica  rojas,f,2026-02-09,"352,04",amatitlan,food
502004,andrea  mejia,m,2026-01-02,desconocido,quetzaltenango,services
502619,ana nunez,m,2026-01-26,378.35,guatemala,services
502529,elena aguilar,m,2026-03-01,209.71,amatitlan,retail
500895,andrea ortega,f,2026-02-04,desconocido,amatitlan,food
504418,rene molina,f,2026-02-24,"367,15",mixco,food
504199,hector lopez,f,27/01/2026,"207,18",mixco,food
501347,ana  mendez,f,2026-01-29,"187,38",antigua,education
502197,maria flores,m,11/02/2026,"392,10",villa nueva,education
503951,ana torres,f,2026-01-22,desconocido,escuintla,retail
500106,carlos mazariegos,f,2026-01-04,311.41,chimaltenango,retail
502265,diana herrera,m,2026-01-19,87.94,antigua,retail
502421,laura flores,f,2026-01-24,299.20,antigua,food
500763,oscar dominguez,m,2026-01-31,152.74,guatemala,retail
503329,andrea rojas,f,06/02/2026,"119,59",quetzaltenango,food
500549,daniel  ortega,m,2026-01-20,458.08,amatitlan,services
503193,sofia alvarez,m,2026-02-01,"22,09",quetzaltenango,food
504826,juan perez,f,2026-02-26,"73,90",antigua,services
503498,ricardo torres,m,2026-02-23,"436,78",guatemala,food
500192,elena cruz,f,2026-02-11,206.33,guatemala,food
504317,gustavo diaz,m,2026-02-01,"324,83",villa nueva,services
502766,jose solis,m,27/01/2026,307.87,amatitlan,education
502002,gustavo  nunez,f,2026-02-20,267.87,,services
501528,elena mendez,m,27/01/2026,"172,71",guatemala,food
502039,gabriela  perez,m,2026-01-11,"361,17",mixco,food
503944,pedro fuentes,f,2026-02-10,114.34,amatitlan,food
504541,elena nunez,f,13/01/2026,"498,29",antigua,food
501465,jose hernandez,m,2026-01-17,277.07,mixco,food
503697,gabriela lima,m,17/02/2026,desconocido,antigua,services
500654,gabriela diaz,f,22/01/2026,"270,70",amatitlan,retail
500981,andrea molina,m,2026-01-13,"93,43",mixco,food
504796,luis hernandez,m,2026-01-20,"328,58",amatitlan,food
500429,patricia castillo,m,2026-01-21,"413,79",chimaltenango,retail
503691,luis dominguez,f,2026-01-01,158.24,villa nueva,education
501478,fernando mazariegos,f,24/01/2026,"236,64",villa nueva,retail
501822,fernando torres,m,10/02/2026,12.95,antigua,education
501282,ana cruz,f,2026-01-08,"256,70",guatemala,retail
501492,carmen herrera,f,2026-02-04,417.42,amatitlan,education
503350,luis paz,f,19/02/2026,"147,57",chimaltenango,food
503873,monica  soto,f,2026-01-02,213.36,quetzaltenango,retail
502114,gabriela flores,m,2026-01-21,"31,02",guatemala,services
504663,hector  reyes,m,2026-02-06,481.68,guatemala,services
503120,monica reyes,f,2026-02-28,"482,63",mixco,food
501350,oscar  perez,m,22/02/2026,"61,93",guatemala,retail
503804,andrea  mejia,,2026-01-13,191.02,guatemala,retail
502098,laura molina,m,2026-02-04,"65,97",guatemala,services
500440,daniel reyes,f,03/01/2026,332.41,chimaltenango,services
502455,monica diaz,f,2026-01-03,196.79,amatitlan,retail
502760,ricardo reyes,f,18/02/2026,411.21,guatemala,education
502554,gustavo paz,m,02/02/2026,desconocido,chimaltenango,services
501951,carlos aguilar,f,2026-01-23,178.70,desconocido,services
502498,ana paz,m,25/02/2026,40.61,villa nueva,retail
501246,ricardo rojas,f,27/01/2026,130.08,mixco,retail
501102,elena aguilar,f,2026-02-26,69.62,mixco,food
500934,monica lopez,f,2026-01-22,45.81,antigua,food
504630,kevin solis,f,2026-01-31,464.63,chimaltenango,services
504391,diana mazariegos,f,05/01/2026,"349,01",guatemala,food
503228,gabriela diaz,f,01/02/2026,312.41,guatemala,education
500836,ricardo  alvarez,m,2026-02-18,"127,93",quetzaltenango,education
503605,luis herrera,m,2026-01-01,344.34,chimaltenango,education
502592,elena ortega,m,11/02/2026,381.87,amatitlan,food
503223,maria  nunez,m,12/02/2026,"239,05",escuintla,food
500034,ricardo lopez,m,2026-02-10,"461,87",villa nueva,services
503756,miguel hernandez,f,2026-02-15,496.21,escuintla,retail
500964,monica flores,f,2026-01-19,96.85,escuintla,services
500133,oscar diaz,f,2026-02-25,13.25,amatitlan,food
503349,paola molina,m,2026-02-08,"4,02",quetzaltenango,food
504284,ana torres,m,2026-02-02,"280,36",amatitlan,education
504694,hector  soto,m,2026-01-10,"225,83",escuintla,retail
504173,pablo herrera,f,2026-02-16,361.49,guatemala,services
501467,juan paz,f,28/02/2026,"13,63",antigua,services
503373,laura ramirez,f,2026-01-02,60.15,quetzaltenango,food
502649,juan hernandez,f,24/01/2026,"269,18",chimaltenango,education
501906,elena paz,m,2026-01-22,"183,52",antigua,retail
503314,paola herrera,m,2026-02-12,"205,65",mixco,retail
500397,daniel solis,f,01/02/2026,"101,10",villa nueva,services
504352,rene castillo,m,2026-02-25,"487,67",quetzaltenango,services
502216,jose paz,m,05/02/2026,165.39,quetzaltenango,retail
500593,ana  castillo,f,21/02/2026,318.13,guatemala,services
501108,rene ortega,f,25/02/2026,"392,94",escuintla,education
503675,luis perez,f,2026-01-27,19.32,mixco,services
503333,patricia perez,f,2026-02-23,"326,88",quetzaltenango,food
502589,fernando paz,m,2026-02-15,"237,82",escuintla,services
500839,diana nunez,m,27/01/2026,389.31,quetzaltenango,retail
503196,rene cruz,m,28/02/2026,"53,17",desconocido,education
500859,maria dominguez,f,2026-01-30,"352,27",chimaltenango,retail
503630,elena  dominguez,f,20/01/2026,9.72,mixco,food
504557,valeria mazariegos,f,29/01/2026,"314,36",chimaltenango,education
500474,isabel hernandez,f,10/01/2026,102.84,mixco,education
503660,sofia vargas,m,2026-03-01,desconocido,mixco,food
501201,paola reyes,f,2026-02-10,"135,77",chimaltenango,services
502534,pablo  molina,,2026-01-18,234.99,,services
503448,andrea  herrera,f,2026-02-15,52.15,chimaltenango,food
501733,fernando rojas,f,2026-02-21,"362,84",escuintla,education
502525,luis fuentes,f,2026-02-19,"385,01",villa nueva,retail
503503,daniel morales,f,2026-01-11,342.01,desconocido,retail
502618,hector mazariegos,f,2026-01-10,33.52,amatitlan,education
504441,pedro mejia,f,2026-01-07,"338,08",quetzaltenango,food
502593,rene molina,f,15/01/2026,"365,02",antigua,food
501617,elena diaz,f,2026-02-04,99.91,villa nueva,food
502906,andrea solis,f,2026-01-28,58.39,villa nueva,food
500299,laura soto,f,2026-01-22,244.22,escuintla,education
503787,oscar ortega,f,2026-01-17,319.92,villa nueva,education
503084,jose alvarez,m,2026-01-24,"340,36",mixco,education
501387,paola cruz,f,02/01/2026,"199,83",,food
502764,andrea rojas,f,2026-01-14,"161,72",amatitlan,food
500986,pablo vargas,f,2026-02-13,92.16,quetzaltenango,education
502244,elena ruiz,m,2026-02-26,"497,36",mixco,retail
503454,juan  herrera,m,2026-02-04,desconocido,quetzaltenango,retail
502245,valeria ortega,m,2026-01-26,334.61,desconocido,retail
501995,patricia castillo,m,2026-01-28,317.64,chimaltenango,services
500553,fernando flores,m,2026-01-05,"395,45",villa nueva,food
502136,laura paz,f,2026-02-07,351.16,quetzaltenango,education
502366,kevin herrera,f,2026-01-01,494.04,chimaltenango,education
500985,kevin flores,f,13/01/2026,"95,96",antigua,food
503295,isabel  perez,m,2026-01-16,"380,37",guatemala,services
504096,rene lima,f,2026-02-14,398.21,escuintla,education
501228,luis ruiz,m,06/01/2026,290.81,antigua,education
504420,elena aguilar,m,2026-01-24,479.44,antigua,food
502625,hector  reyes,m,2026-02-18,"464,13",villa nueva,services
500649,rene ortega,m,2026-02-06,472.03,quetzaltenango,food
501311,carlos fuentes,f,2026-01-12,"454,20",quetzaltenango,services
502043,ricardo vargas,m,2026-01-09,"402,18",quetzaltenango,retail
500636,carlos castillo,m,02/01/2026,113.60,guatemala,education
500465,luis solis,f,2026-02-07,desconocido,amatitlan,food
501840,monica reyes,m,07/01/2026,149.72,amatitlan,services
500009,patricia gomez,f,30/01/2026,"18,26",villa nueva,services
502464,karla  ortega,f,2026-02-15,41.98,guatemala,retail
503282,daniel molina,f,2026-02-11,90.51,amatitlan,education
502758,paola  paz,f,2026-02-21,"327,86",antigua,retail
502811,valeria solis,m,12/01/2026,162.73,escuintla,food
500380,paola ramirez,f,2026-01-27,191.38,guatemala,food
500384,paola torres,m,2026-01-04,31.87,guatemala,education
503594,miguel morales,f,19/02/2026,402.19,mixco,food
501302,fernando lima,f,2026-01-26,"306,84",quetzaltenango,education
503142,andrea herrera,f,2026-02-02,274.85,escuintla,food
503738,isabel nunez,m,2026-01-05,462.89,chimaltenango,services
504509,maria reyes,m,2026-01-04,"116,16",antigua,education
503291,miguel diaz,f,2026-02-24,497.69,guatemala,services
501893,patricia  paz,f,2026-02-24,"462,36",chimaltenango,education
503896,daniel  ruiz,f,2026-02-15,347.53,escuintla,food
504843,pedro perez,f,2026-01-13,452.25,mixco,food
501109,sofia  vargas,m,22/01/2026,409.95,mixco,education
500325,fernando nunez,f,2026-02-07,259.36,mixco,retail
502960,rene rojas,f,2026-01-01,"240,31",mixco,services
503258,pedro morales,f,18/01/2026,"333,77",antigua,food
502324,paola solis,f,2026-02-28,350.50,antigua,food
501567,oscar reyes,m,2026-02-02,255.58,quetzaltenango,retail
500524,sofia rojas,f,24/02/2026,"278,74",amatitlan,food
501373,miguel castillo,f,05/01/2026,480.09,escuintla,food
502233,luis lopez,m,2026-01-17,177.12,guatemala,services
502180,daniel ruiz,f,2026-02-09,249.59,chimaltenango,food
502930,hector ruiz,f,2026-01-18,desconocido,amatitlan,food
503932,miguel hernandez,m,28/01/2026,479.82,quetzaltenango,retail
503842,oscar ruiz,m,2026-02-18,254.88,quetzaltenango,food
500150,kevin  reyes,m,2026-01-18,desconocido,amatitlan,food
500779,fernando gomez,m,2026-02-07,desconocido,quetzaltenango,education
504553,fernando soto,m,2026-01-22,"399,86",,food
503056,juan dominguez,m,2026-01-21,413.16,mixco,retail
501564,daniel gomez,f,2026-01-31,356.43,escuintla,services
501278,luis  ramirez,f,2026-02-15,12.17,villa nueva,education
502060,oscar soto,m,24/02/2026,"410,13",antigua,education
500987,fernando cruz,m,10/01/2026,"147,23",desconocido,education
500025,carlos ruiz,f,2026-01-27,59.69,villa nueva,education
503450,kevin vargas,m,27/01/2026,"409,92",chimaltenango,education
500677,rene fuentes,f,15/02/2026,"425,29",mixco,education
502160,monica  cruz,m,2026-01-13,490.94,desconocido,services
500888,luis fuentes,f,2026-02-05,"454,52",quetzaltenango,food
504618,paola mendez,m,2026-01-09,"207,16",escuintla,education
500174,maria dominguez,m,2026-02-14,495.60,guatemala,services
502250,jose dominguez,f,2026-01-18,186.07,villa nueva,retail
504668,laura  castillo,f,2026-01-24,406.56,villa nueva,retail
504408,hector vargas,f,07/02/2026,187.30,escuintla,services
503194,kevin castillo,f,2026-01-07,desconocido,escuintla,services
504883,miguel solis,f,2026-01-15,"356,61",antigua,food
503923,maria molina,m,2026-01-04,47.49,antigua,education
503995,luis flores,f,2026-01-14,439.11,quetzaltenango,retail
501712,daniel herrera,f,2026-01-17,"112,86",villa nueva,services
504874,oscar ruiz,m,2026-02-19,403.14,escuintla,retail
500977,carlos herrera,f,29/01/2026,46.51,quetzaltenango,education
502467,gustavo aguilar,m,2026-01-07,desconocido,escuintla,retail
500684,pedro  dominguez,m,2026-01-13,224.99,,services
501699,carmen ruiz,m,2026-02-03,375.82,villa nueva,retail
502509,gustavo molina,f,24/02/2026,"87,42",escuintla,retail
503400,ricardo  herrera,m,2026-01-31,"316,07",guatemala,retail
502605,valeria cruz,m,2026-01-03,38.79,amatitlan,food
502797,pedro alvarez,m,2026-01-29,desconocido,escuintla,retail
504130,andrea fuentes,m,2026-01-12,"78,99",mixco,services
504806,andrea  morales,f,24/01/2026,129.60,chimaltenango,services
502261,oscar paz,m,2026-02-02,495.59,escuintla,food
502894,luis  flores,m,2026-01-18,"319,62",antigua,education
503727,fernando fuentes,m,2026-02-11,385.14,escuintla,education
504059,pedro diaz,m,09/02/2026,"61,44",escuintla,services
503470,andrea mejia,m,2026-01-03,"322,76",guatemala,education
501603,valeria lopez,f,04/02/2026,195.43,chimaltenango,services
501114,fernando castillo,m,2026-01-03,"207,42",quetzaltenango,food
503798,maria  flores,f,2026-01-11,desconocido,mixco,retail
502055,gustavo lima,m,2026-01-18,133.48,chimaltenango,services
504600,isabel  solis,m,28/02/2026,191.42,amatitlan,services
503188,gustavo molina,m,20/01/2026,"457,90",escuintla,education
504148,kevin cruz,f,2026-01-07,236.56,guatemala,services
504654,ricardo fuentes,m,30/01/2026,383.18,villa nueva,food
501403,monica  flores,f,31/01/2026,381.19,antigua,education
502814,ricardo nunez,f,2026-01-02,"26,60",antigua,services
500094,valeria paz,m,21/01/2026,"491,69",guatemala,food
502595,patricia perez,f,2026-02-11,318.54,quetzaltenango,services
501139,carmen alvarez,m,2026-02-12,"454,26",guatemala,food
500552,sofia morales,f,2026-01-31,354.21,chimaltenango,retail
504208,fernando nunez,f,2026-02-11,"390,95",antigua,retail
501305,diana dominguez,m,2026-01-16,"189,55",amatitlan,services
504893,rene diaz,f,2026-01-27,"81,60",chimaltenango,retail
500558,oscar castillo,f,2026-01-10,128.37,amatitlan,education
502454,maria mazariegos,f,16/02/2026,96.24,antigua,retail
504118,gabriela flores,f,2026-02-11,"5,62",villa nueva,retail
501973,sofia solis,f,2026-02-05,496.18,antigua,food
501041,elena  solis,f,05/02/2026,"202,19",villa nueva,retail
502950,patricia  cruz,m,2026-01-30,349.82,villa nueva,retail
500939,isabel  mejia,m,2026-02-15,82.53,villa nueva,education
502192,jose  molina,f,2026-01-26,285.29,escuintla,education
504388,pablo ramirez,f,2026-01-20,129.39,quetzaltenango,retail
504304,carlos soto,f,24/01/2026,"433,52",villa nueva,services
502254,laura rojas,f,2026-02-15,"235,20",quetzaltenango,retail
503075,oscar alvarez,m,17/01/2026,"444,59",desconocido,education
502680,miguel nunez,f,2026-02-26,48.36,antigua,education
504282,diana ortega,desconocido,10/02/2026,"52,06",chimaltenango,retail
502723,luis soto,m,2026-01-21,"273,89",amatitlan,education
502910,kevin torres,f,2026-01-20,416.62,amatitlan,food
503516,pedro  flores,m,02/01/2026,"312,24",,services
504385,carlos fuentes,f,2026-01-18,"82,94",amatitlan,retail
503529,ana ramirez,m,14/01/2026,"14,08",escuintla,services
504757,gustavo soto,f,2026-01-16,228.20,chimaltenango,education
504832,andrea morales,f,2026-02-04,433.67,mixco,food
503031,karla gomez,f,2026-01-31,"219,19",villa nueva,education
502672,gustavo ruiz,f,2026-02-08,"456,09",escuintla,services
502637,juan herrera,f,15/02/2026,desconocido,desconocido,retail
504676,maria aguilar,f,2026-01-21,"148,51",guatemala,services
504827,patricia alvarez,f,06/02/2026,400.81,chimaltenango,education
500665,gabriela  mendez,f,2026-02-20,437.53,escuintla,education
501969,jose vargas,f,2026-02-04,286.08,villa nueva,services
503008,andrea gomez,f,29/01/2026,"88,36",guatemala,education
500389,juan castillo,f,2026-01-13,67.74,desconocido,education
500039,gabriela morales,m,20/02/2026,106.23,escuintla,education
503505,miguel nunez,f,2026-01-11,126.28,guatemala,education
500031,gabriela perez,m,2026-01-21,99.65,escuintla,education
502634,isabel fuentes,m,2026-01-05,"174,06",antigua,food
504091,rene hernandez,f,2026-02-02,desconocido,chimaltenango,education
504128,ricardo soto,m,2026-01-29,72.64,amatitlan,education
503797,rene gomez,m,2026-02-23,446.18,antigua,education
503183,monica mejia,m,2026-02-05,196.58,chimaltenango,services
501868,gabriela flores,m,30/01/2026,158.29,amatitlan,retail
501741,oscar aguilar,m,2026-03-01,"121,53",quetzaltenango,services
502041,carlos molina,f,2026-01-12,213.17,desconocido,services
503597,daniel ortega,m,14/02/2026,264.67,chimaltenango,retail
503980,jose herrera,f,04/02/2026,305.01,escuintla,services
503566,monica hernandez,f,01/02/2026,139.98,villa nueva,education
504335,paola ramirez,f,2026-02-10,414.35,antigua,food
503824,karla dominguez,f,2026-01-18,185.59,mixco,services
503391,laura vargas,f,2026-01-22,310.67,amatitlan,services
503106,ricardo castillo,f,2026-01-04,280.74,mixco,services
502427,pablo mendez,f,2026-01-08,404.14,mixco,education
504269,jose diaz,m,2026-01-22,desconocido,mixco,education
500466,miguel aguilar,m,25/01/2026,desconocido,antigua,retail
501965,elena  morales,f,2026-02-15,"288,24",mixco,education
500619,fernando soto,f,2026-01-29,"386,71",guatemala,retail
502577,carlos perez,f,2026-01-09,"455,29",villa nueva,retail
501167,gustavo  mazariegos,m,2026-01-18,251.80,quetzaltenango,retail
500723,daniel lima,f,2026-02-05,"195,76",escuintla,food
502339,miguel nunez,f,11/01/2026,37.39,,education
502795,andrea  castillo,f,2026-02-01,14.23,mixco,services
503573,hector reyes,f,2026-01-30,"241,35",chimaltenango,retail
501836,carmen reyes,m,2026-01-05,"371,84",escuintla,food
502388,paola cruz,f,2026-01-21,"249,88",amatitlan,retail
504436,pablo  morales,m,2026-02-15,"475,04",mixco,education
503351,fernando reyes,f,2026-01-18,62.95,amatitlan,services
500541,daniel mejia,f,2026-01-20,131.27,escuintla,services
504696,valeria  vargas,f,28/02/2026,desconocido,escuintla,retail
504785,sofia reyes,m,2026-02-18,"86,89",quetzaltenango,retail
502761,monica lopez,f,14/02/2026,"216,59",guatemala,education
501810,daniel hernandez,desconocido,13/01/2026,83.25,villa nueva,education
503052,hector alvarez,m,2026-02-21,492.81,chimaltenango,services
504862,jose mendez,m,2026-01-07,"437,64",guatemala,education
501499,patricia mazariegos,f,2026-01-12,230.43,amatitlan,retail
503037,carmen  ortega,f,2026-02-07,"36,53",escuintla,food
503040,juan  paz,m,24/01/2026,222.32,chimaltenango,services
500526,juan fuentes,f,27/01/2026,"455,69",escuintla,retail
504658,laura rojas,m,13/01/2026,"103,48",guatemala,services
502736,ana soto,f,16/02/2026,53.88,guatemala,food
501330,paola lima,f,2026-01-21,66.35,amatitlan,services
502519,fernando paz,m,2026-01-01,"76,77",villa nueva,food
504882,pablo  reyes,m,2026-02-20,"457,65",escuintla,services
502207,gabriela gomez,f,2026-01-18,"432,60",antigua,food
501861,karla molina,f,14/01/2026,"59,51",villa nueva,retail
500461,laura hernandez,f,2026-01-06,56.87,guatemala,retail
501458,miguel  diaz,m,13/01/2026,146.28,chimaltenango,food
504261,miguel herrera,f,18/02/2026,desconocido,desconocido,services
500417,hector dominguez,f,2026-01-12,"26,10",escuintla,services
504704,patricia mendez,m,2026-01-28,"174,43",amatitlan,education
501574,sofia ruiz,m,2026-01-06,"25,27",quetzaltenango,food
503402,jose mazariegos,m,19/02/2026,desconocido,mixco,services
503807,oscar hernandez,m,2026-02-03,"147,01",amatitlan,services
501814,maria  torres,m,2026-02-04,"489,06",mixco,education
503857,carmen alvarez,f,2026-02-18,"54,16",villa nueva,services
504413,ricardo molina,f,2026-02-06,"133,33",quetzaltenango,retail
502091,daniel vargas,f,2026-01-26,"453,06",chimaltenango,food
500095,carmen lopez,f,2026-02-23,"105,14",antigua,education
504433,valeria diaz,m,2026-02-26,52.97,antigua,services
503568,andrea molina,f,19/02/2026,"223,98",quetzaltenango,services
501386,jose vargas,f,2026-01-17,"250,80",villa nueva,food
504312,daniel torres,m,23/01/2026,414.64,,food
503218,fernando hernandez,m,2026-02-19,285.64,guatemala,education
502775,miguel diaz,m,2026-02-20,101.29,guatemala,services
501754,juan  alvarez,m,2026-01-14,487.27,chimaltenango,food
502662,hector flores,m,2026-01-14,"32,05",chimaltenango,retail
501212,elena reyes,f,10/01/2026,"342,90",amatitlan,services
501796,juan torres,m,2026-01-10,175.11,chimaltenango,food
500950,patricia  nunez,f,2026-02-14,215.13,quetzaltenango,food
503549,gabriela paz,m,2026-02-02,"321,39",mixco,education
500268,ricardo solis,m,03/02/2026,256.80,antigua,services
504615,monica  castillo,f,10/01/2026,"138,34",villa nueva,retail
503099,diana lima,m,2026-02-15,"349,97",mixco,food
500114,hector solis,m,19/01/2026,"266,77",villa nueva,food
503701,kevin ramirez,f,11/02/2026,"101,72",mixco,retail
502785,oscar aguilar,f,2026-01-14,"180,48",antigua,education
500865,gustavo molina,m,2026-02-24,"319,93",villa nueva,food
502998,pablo ramirez,m,2026-02-21,195.91,chimaltenango,services
500808,sofia  paz,f,21/01/2026,"284,30",chimaltenango,education
503994,carmen vargas,m,04/02/2026,desconocido,quetzaltenango,education
504463,pablo torres,f,2026-02-18,"471,13",quetzaltenango,retail
500514,sofia gomez,m,10/01/2026,desconocido,guatemala,retail
502167,isabel mejia,f,2026-02-20,"444,83",villa nueva,retail
503604,juan torres,m,2026-02-04,"196,47",villa nueva,services
503720,maria mejia,f,2026-02-04,"476,96",quetzaltenango,food
501639,carmen mejia,m,2026-02-10,"124,04",quetzaltenango,education
503662,gustavo mazariegos,m,04/02/2026,"291,34",guatemala,education
503868,valeria nunez,m,2026-01-06,161.50,mixco,services
500842,laura ruiz,,2026-02-07,31.45,quetzaltenango,retail
501413,oscar rojas,m,2026-01-05,"404,05",quetzaltenango,education
501895,ricardo alvarez,f,2026-02-08,398.32,quetzaltenango,services
502632,paola castillo,f,2026-01-01,352.92,quetzaltenango,services
502243,isabel gomez,f,2026-01-02,desconocido,mixco,education
504572,isabel castillo,m,2026-02-15,"429,44",amatitlan,education
501434,isabel herrera,f,2026-02-23,320.74,chimaltenango,services
500607,juan nunez,m,2026-01-02,127.58,chimaltenango,retail
501521,juan herrera,m,2026-02-22,"23,82",villa nueva,services
504471,andrea ramirez,f,2026-01-10,"257,55",antigua,food
504714,gabriela  diaz,m,13/02/2026,323.01,antigua,food
502528,paola morales,m,2026-02-10,"391,09",villa nueva,retail
501657,gabriela mejia,m,2026-01-02,"52,19",quetzaltenango,food
503233,paola reyes,m,09/01/2026,"234,78",chimaltenango,education
502396,fernando mazariegos,m,2026-01-24,3.57,mixco,food
501011,ricardo ruiz,m,2026-01-19,341.25,amatitlan,retail
501672,maria alvarez,f,2026-01-01,"252,82",villa nueva,services
502927,andrea fuentes,m,2026-02-01,86.86,antigua,food
502478,patricia  mendez,f,01/03/2026,desconocido,escuintla,retail
502829,luis castillo,f,23/02/2026,"309,57",amatitlan,retail
503046,isabel ortega,m,2026-01-27,"322,38",guatemala,education
500003,hector ramirez,f,2026-02-17,"435,67",antigua,food
504854,andrea cruz,m,04/01/2026,"255,39",quetzaltenango,food
500298,luis fuentes,f,2026-02-17,22.61,antigua,services
502518,maria  ruiz,f,2026-01-02,90.87,villa nueva,retail
504425,kevin  gomez,f,06/01/2026,"234,76",escuintla,services
500975,maria diaz,f,02/01/2026,208.50,guatemala,food
500560,daniel mendez,m,30/01/2026,"222,54",quetzaltenango,services
501660,andrea gomez,f,2026-02-10,130.44,antigua,food
500516,elena molina,m,04/02/2026,137.56,quetzaltenango,food
503500,oscar molina,m,2026-01-10,195.48,mixco,education
502838,carmen mazariegos,f,2026-02-24,"98,88",mixco,services
503482,paola rojas,m,18/02/2026,270.38,antigua,education
503741,carlos dominguez,f,05/02/2026,100.68,quetzaltenango,food
501216,monica diaz,f,2026-01-13,"18,88",mixco,retail
500251,gustavo  ortega,f,2026-01-30,349.70,escuintla,education
504065,andrea paz,f,2026-02-14,201.00,mixco,food
501682,laura nunez,m,2026-02-01,"392,63",mixco,education
502296,valeria nunez,m,2026-02-09,"16,28",villa nueva,food
500296,oscar fuentes,m,2026-01-17,103.33,escuintla,education
503667,jose ruiz,f,2026-02-17,432.66,quetzaltenango,retail
502371,diana  ramirez,f,31/01/2026,293.43,escuintla,education
503290,ricardo torres,f,2026-01-27,"293,16",mixco,retail
503664,pedro hernandez,m,21/01/2026,"458,23",guatemala,retail
500924,monica  reyes,f,2026-02-23,"230,99",amatitlan,food
500708,gustavo perez,f,2026-01-31,desconocido,antigua,education
503596,valeria  mazariegos,f,2026-01-21,"87,61",antigua,food
504737,sofia dominguez,m,22/02/2026,211.21,villa nueva,food
501570,jose  solis,m,21/01/2026,desconocido,villa nueva,education
501150,fernando solis,f,2026-01-16,"129,36",desconocido,retail
503876,juan ruiz,m,28/01/2026,469.81,chimaltenango,services
502784,gabriela diaz,m,2026-02-22,"22,15",escuintla,food
504131,pablo soto,m,2026-02-18,295.17,escuintla,food
502122,ricardo molina,f,2026-02-13,146.44,mixco,food
500938,maria paz,f,2026-01-10,desconocido,amatitlan,retail
501240,karla flores,m,2026-01-13,330.24,villa nueva,retail
500833,monica flores,m,2026-01-03,"63,89",villa nueva,services
502141,daniel gomez,f,2026-02-10,350.88,antigua,food
500232,luis  rojas,m,2026-01-10,82.48,villa nueva,education
501721,luis soto,f,15/02/2026,87.41,mixco,food
501880,jose solis,m,2026-02-26,141.79,antigua,services
503927,pedro molina,f,2026-01-11,349.88,quetzaltenango,food
500385,rene ortega,f,16/01/2026,desconocido,escuintla,services
503044,pedro morales,f,2026-02-17,"158,80",antigua,education
503012,juan cruz,f,2026-02-17,3.50,desconocido,education
502465,sofia reyes,m,2026-02-21,70.94,guatemala,food
501381,ana gomez,f,2026-03-01,38.42,villa nueva,food
502779,maria solis,m,2026-01-23,"45,11",guatemala,services
502479,laura  vargas,m,15/02/2026,"387,15",quetzaltenango,services
503954,juan lima,f,2026-02-16,"263,96",escuintla,services
502176,karla vargas,f,2026-02-06,"97,23",,food
500960,pedro  diaz,m,2026-01-18,247.70,antigua,food
503718,elena rojas,f,2026-01-28,"458,23",villa nueva,education
501706,sofia mendez,m,2026-02-07,"163,33",desconocido,retail
502511,ana  torres,m,2026-01-25,157.47,villa nueva,services
501602,ana  mendez,m,2026-01-02,"222,69",guatemala,services
500460,daniel dominguez,m,2026-02-22,"335,98",escuintla,retail
501618,carmen hernandez,m,2026-01-29,409.24,guatemala,services
503365,pablo gomez,f,2026-01-23,"65,39",mixco,food
503895,jose alvarez,f,2026-01-28,"376,35",amatitlan,retail
503471,gabriela ramirez,f,2026-01-06,364.60,chimaltenango,food
504581,patricia gomez,f,23/02/2026,"356,92",mixco,services
504372,diana gomez,f,2026-02-20,"432,42",antigua,education
502600,fernando mejia,f,05/01/2026,320.08,mixco,retail
502622,karla  vargas,m,2026-02-10,"182,77",villa nueva,education
502367,karla cruz,f,30/01/2026,"455,89",chimaltenango,food
503248,gustavo mejia,m,04/02/2026,289.94,villa nueva,services
503677,isabel fuentes,f,22/02/2026,363.15,villa nueva,retail
504578,elena morales,f,2026-02-27,"428,76",escuintla,services
503501,gustavo gomez,f,2026-02-28,"373,53",villa nueva,food
500918,ana morales,m,16/01/2026,"430,20",villa nueva,education
502726,andrea morales,f,2026-02-26,211.53,mixco,retail
503304,pablo hernandez,f,05/01/2026,"207,58",amatitlan,education
501287,kevin torres,f,2026-01-08,"124,74",chimaltenango,services
504698,ana flores,f,2026-02-13,desconocido,escuintla,education
503253,karla ramirez,m,2026-01-10,368.76,,education
504085,paola mazariegos,m,2026-02-17,"364,99",villa nueva,services
501221,oscar ruiz,m,2026-02-05,"126,41",mixco,food
502557,maria mejia,f,30/01/2026,"305,01",villa nueva,food
503403,isabel vargas,m,2026-01-13,"1,36",antigua,retail
500240,carlos vargas,f,2026-01-14,"156,17",escuintla,services
500555,jose fuentes,m,2026-02-12,422.89,quetzaltenango,services
501945,diana paz,f,2026-01-08,"77,75",mixco,education
503522,pablo ortega,f,2026-02-11,"492,99",desconocido,education
501333,juan lima,m,07/01/2026,397.00,mixco,food
502026,sofia ortega,m,2026-03-01,18.97,guatemala,food
504662,elena  mendez,f,2026-02-04,"95,22",mixco,food
503982,laura ramirez,m,2026-01-11,desconocido,chimaltenango,food
502850,diana mazariegos,f,01/03/2026,175.64,mixco,food
503308,pedro ruiz,m,2026-02-09,"393,39",escuintla,services
503285,karla castillo,f,2026-01-21,desconocido,guatemala,food
503620,ana lima,f,2026-01-13,"3,62",villa nueva,education
504551,miguel aguilar,f,2026-02-12,"179,11",antigua,services
502824,valeria perez,m,2026-01-18,"405,06",antigua,retail
500045,oscar mendez,m,19/01/2026,372.29,villa nueva,education
503721,fernando soto,m,2026-02-13,"307,08",antigua,retail
501486,maria paz,f,11/01/2026,376.27,amatitlan,retail
504117,monica mendez,m,2026-02-08,"186,54",desconocido,services
501332,fernando fuentes,m,12/02/2026,"78,91",antigua,education
504872,ana vargas,m,2026-01-30,"51,65",chimaltenango,education
504106,carmen morales,f,16/02/2026,desconocido,chimaltenango,food
500615,fernando ramirez,m,06/01/2026,488.54,quetzaltenango,services
500119,kevin perez,f,2026-02-16,2.96,amatitlan,food
504504,valeria fuentes,f,2026-01-17,"194,68",mixco,food
500994,patricia lima,desconocido,2026-01-15,"42,43",chimaltenango,education
502168,maria vargas,f,2026-01-24,"248,72",antigua,education
503600,carlos molina,f,23/01/2026,197.59,antigua,services
501538,oscar mazariegos,f,2026-02-04,"200,28",amatitlan,food
500919,oscar ruiz,m,2026-01-20,desconocido,villa nueva,food
500436,fernando morales,f,28/01/2026,488.36,mixco,education
502482,laura ruiz,m,2026-01-26,"262,44",escuintla,food
501270,luis hernandez,m,2026-02-03,"192,64",mixco,food
502873,pablo mendez,m,2026-01-10,94.95,guatemala,retail
504429,laura lopez,m,2026-01-06,422.74,amatitlan,food
501904,patricia ramirez,f,20/02/2026,desconocido,mixco,food
504544,sofia ramirez,m,2026-01-28,"326,53",antigua,services
502105,juan gomez,m,2026-02-19,250.28,mixco,retail
500097,andrea mejia,f,2026-01-19,"450,99",antigua,education
503112,juan mejia,f,17/01/2026,268.57,chimaltenango,retail
503840,jose soto,f,2026-02-10,460.84,antigua,services
500161,pedro hernandez,m,29/01/2026,455.50,villa nueva,education
503442,monica flores,f,2026-01-17,"416,79",quetzaltenango,retail
504395,jose  dominguez,f,23/01/2026,desconocido,amatitlan,education
504040,paola dominguez,f,04/01/2026,221.93,mixco,retail
501584,pedro ortega,m,10/02/2026,"99,85",chimaltenango,food
502071,jose alvarez,m,2026-02-13,"372,18",villa nueva,food
501463,isabel vargas,f,2026-02-09,"65,42",mixco,food
501845,juan aguilar,m,01/03/2026,286.88,chimaltenango,services
503693,carlos  rojas,f,08/01/2026,143.13,desconocido,food
502921,monica reyes,f,2026-01-20,"253,88",chimaltenango,food
502558,rene  cruz,m,30/01/2026,"153,28",quetzaltenango,education
502297,monica ramirez,m,2026-01-30,desconocido,antigua,retail
503557,pedro  hernandez,m,15/02/2026,"23,93",amatitlan,education
504366,pedro  reyes,f,2026-01-20,261.94,escuintla,education
503036,sofia mejia,,2026-02-18,43.34,chimaltenango,retail
500782,ricardo vargas,f,2026-01-11,desconocido,chimaltenango,food
504800,gustavo perez,f,2026-02-03,"107,19",guatemala,services
502181,jose lima,m,11/01/2026,"128,52",villa nueva,education
501794,karla cruz,m,03/01/2026,150.80,quetzaltenango,food
504206,monica fuentes,m,10/02/2026,443.70,chimaltenango,retail
500272,pedro herrera,f,24/02/2026,"430,61",guatemala,retail
501195,daniel nunez,f,19/02/2026,"336,73",guatemala,education
504830,rene herrera,f,11/01/2026,174.79,mixco,services
502844,andrea  gomez,f,05/02/2026,233.74,desconocido,education
501801,laura mejia,f,2026-01-02,24.00,antigua,services
502690,daniel morales,f,09/02/2026,"477,56",villa nueva,services
504066,fernando ruiz,f,2026-01-12,"52,29",guatemala,education
500835,ana mendez,f,2026-02-05,desconocido,amatitlan,education
503476,gabriela mendez,m,12/01/2026,126.56,mixco,education
500591,juan herrera,desconocido,26/02/2026,"206,47",antigua,food
504517,sofia molina,f,2026-01-27,desconocido,mixco,food
504357,carmen solis,f,2026-01-29,"422,02",quetzaltenango,services
503543,monica ortega,f,2026-02-07,desconocido,escuintla,services
500060,gabriela morales,f,08/01/2026,161.91,escuintla,retail
500609,maria alvarez,f,16/02/2026,"178,42",guatemala,retail
503559,ana lima,m,2026-01-09,311.96,guatemala,food
501812,andrea dominguez,f,17/01/2026,"387,21",amatitlan,food
504445,pedro mazariegos,f,08/01/2026,448.31,quetzaltenango,retail
503173,daniel ruiz,f,14/02/2026,92.61,quetzaltenango,food
500505,elena flores,m,21/01/2026,"335,96",villa nueva,education
503433,pablo cruz,m,2026-02-25,321.85,escuintla,services
503413,daniel vargas,m,2026-02-20,desconocido,guatemala,food
501027,hector diaz,m,2026-01-30,182.05,mixco,services
502306,pablo morales,m,2026-01-24,"56,09",escuintla,education
502782,patricia  vargas,f,18/01/2026,76.74,antigua,education
502800,kevin perez,desconocido,2026-02-05,"288,93",mixco,services
500266,fernando cruz,m,2026-01-06,403.02,guatemala,services
502809,valeria hernandez,f,2026-02-06,"348,63",chimaltenango,education
500954,miguel nunez,f,2026-01-23,"378,48",,services
504586,diana ortega,m,08/01/2026,"125,10",quetzaltenango,education
502655,rene lopez,m,2026-01-31,"482,61",villa nueva,retail
502208,monica mazariegos,f,2026-02-10,81.65,antigua,services
500679,miguel cruz,m,2026-02-15,71.30,villa nueva,services
504619,ana  flores,f,2026-01-31,58.42,antigua,food
504475,jose vargas,f,2026-01-29,248.91,antigua,food
502799,ana cruz,m,2026-02-20,221.38,mixco,food
502323,luis lopez,f,2026-02-04,117.34,quetzaltenango,food
502869,patricia paz,f,2026-02-08,"188,69",desconocido,retail
501736,carmen perez,m,2026-02-15,457.77,escuintla,services
503551,carmen nunez,m,14/02/2026,desconocido,mixco,education
500233,ricardo mejia,m,2026-01-01,"306,01",chimaltenango,food
501886,diana perez,f,2026-01-30,418.29,antigua,food
502000,carlos hernandez,f,2026-01-27,333.03,mixco,education
504053,juan gomez,f,2026-02-02,393.19,desconocido,education
504611,patricia nunez,f,26/02/2026,"54,43",villa nueva,education
501816,valeria paz,f,18/02/2026,479.28,guatemala,education
503631,hector vargas,m,2026-01-31,258.61,chimaltenango,food
500288,daniel gomez,m,2026-02-18,"96,99",villa nueva,services
501985,kevin soto,f,02/01/2026,desconocido,guatemala,education
503736,luis vargas,f,2026-02-19,"116,78",quetzaltenango,food
501546,gabriela morales,f,17/01/2026,76.91,quetzaltenango,services
502667,daniel castillo,f,2026-01-09,"471,30",chimaltenango,services
504034,gabriela gomez,m,16/01/2026,23.54,guatemala,retail
500881,valeria solis,f,2026-02-22,"275,54",escuintla,food
504153,pedro mejia,f,2026-01-06,"448,14",villa nueva,education
503821,laura perez,f,2026-03-01,desconocido,amatitlan,services
501610,isabel castillo,m,2026-01-14,192.44,amatitlan,food
500728,oscar vargas,f,2026-02-19,42.11,antigua,food
503692,hector ramirez,m,2026-02-17,170.88,quetzaltenango,retail
501591,gustavo ramirez,f,2026-01-09,368.50,quetzaltenango,education
502085,diana alvarez,m,2026-02-27,"272,45",villa nueva,retail
503155,pablo solis,m,01/02/2026,"79,13",antigua,retail
500823,andrea reyes,m,28/01/2026,336.34,chimaltenango,services
501993,daniel  fuentes,m,2026-01-24,"258,93",mixco,food
503200,rene morales,m,07/02/2026,259.63,chimaltenango,services
502893,gabriela lima,m,2026-01-25,61.60,mixco,services
500202,carlos gomez,f,2026-01-09,"249,42",mixco,services
502079,daniel  lima,f,2026-02-05,desconocido,mixco,retail
501561,hector diaz,m,15/01/2026,427.49,villa nueva,food
500904,pedro soto,m,2026-01-27,442.20,quetzaltenango,food
501476,andrea diaz,m,04/02/2026,"5,32",amatitlan,education
503860,gustavo  reyes,m,2026-02-28,"289,84",escuintla,food
503694,maria rojas,f,2026-01-25,"336,89",guatemala,food
501613,jose perez,f,23/02/2026,422.99,mixco,services
503469,juan  dominguez,f,2026-01-14,"233,21",antigua,services
503520,carlos lopez,m,23/02/2026,"116,17",escuintla,education
503324,gabriela molina,f,2026-02-12,452.93,chimaltenango,retail
502976,gustavo diaz,f,2026-02-09,227.30,guatemala,retail
501600,ricardo molina,m,2026-01-28,281.53,mixco,food
503725,daniel dominguez,f,2026-02-02,"272,32",escuintla,education
502648,patricia gomez,m,2026-01-09,"132,96",guatemala,services
501389,laura alvarez,m,2026-01-12,154.13,desconocido,retail
501887,paola gomez,f,2026-01-27,148.75,amatitlan,education
500423,paola ramirez,f,2026-01-08,"238,73",chimaltenango,food
504299,diana cruz,f,2026-02-05,"344,73",quetzaltenango,services
500683,ana flores,m,01/01/2026,"454,40",desconocido,education
504828,daniel ortega,m,2026-01-18,378.17,guatemala,services
504322,gabriela mendez,m,2026-02-22,"279,56",villa nueva,retail
501325,fernando gomez,f,2026-02-15,338.56,chimaltenango,food
504340,luis reyes,m,2026-02-26,"115,43",amatitlan,education
500820,diana  paz,m,2026-01-24,"78,11",guatemala,education
500613,ana mendez,f,01/02/2026,"58,14",villa nueva,education
504099,carmen castillo,m,2026-01-17,189.67,villa nueva,services
501800,ricardo mendez,f,02/01/2026,"161,59",villa nueva,retail
503638,andrea rojas,m,2026-01-11,"245,92",guatemala,food
503201,andrea gomez,f,17/02/2026,484.60,amatitlan,food
504456,diana rojas,m,22/02/2026,"414,06",antigua,education
502579,gabriela rojas,m,2026-02-03,"132,36",guatemala,retail
504050,laura morales,f,2026-01-03,"133,63",amatitlan,food
503639,rene hernandez,f,14/02/2026,desconocido,villa nueva,food
504048,gustavo aguilar,f,03/01/2026,133.34,guatemala,food
500374,paola lopez,m,2026-02-14,"6,64",antigua,retail
502650,elena ruiz,f,2026-02-03,"145,96",guatemala,retail
501176,diana solis,m,17/02/2026,7.25,antigua,food
502024,paola solis,m,2026-02-06,"232,20",quetzaltenango,education
500227,gabriela  paz,m,2026-02-07,401.90,villa nueva,retail
504623,monica flores,m,2026-02-03,"35,40",escuintla,retail
504807,diana dominguez,m,2026-01-24,144.07,guatemala,retail
502247,patricia aguilar,f,05/01/2026,234.23,quetzaltenango,retail
501012,luis dominguez,m,2026-02-24,335.32,guatemala,services
504488,diana mendez,m,10/02/2026,351.42,antigua,services
501249,oscar  ruiz,f,2026-02-28,"104,82",escuintla,retail
504845,paola cruz,m,2026-01-01,114.84,chimaltenango,retail
501338,juan mazariegos,f,2026-01-07,41.45,chimaltenango,services
501029,gabriela perez,m,2026-01-02,"244,32",quetzaltenango,education
504884,monica mendez,f,2026-01-17,94.23,antigua,education
504134,maria paz,f,23/02/2026,"334,39",amatitlan,retail
503755,jose vargas,f,2026-01-29,259.19,quetzaltenango,services
500185,daniel rojas,m,2026-01-19,desconocido,mixco,food
504817,monica mazariegos,f,18/02/2026,115.26,villa nueva,education
500230,miguel nunez,m,2026-02-08,"155,38",quetzaltenango,education
502215,daniel gomez,m,2026-02-21,"225,78",amatitlan,services
500690,carmen mendez,f,26/02/2026,44.71,chimaltenango,food
501272,pedro soto,m,2026-02-28,"390,10",escuintla,retail
502745,carlos  morales,m,2026-01-10,118.49,guatemala,retail
501781,gustavo flores,m,27/02/2026,"106,52",guatemala,retail
504479,juan morales,m,2026-02-26,467.33,chimaltenango,food
501970,laura castillo,f,2026-02-11,178.39,mixco,retail
501839,ana torres,f,2026-01-25,"489,11",chimaltenango,food
500127,rene castillo,f,2026-01-26,462.14,villa nueva,education
504074,fernando mejia,f,2026-01-25,"225,11",quetzaltenango,food
502038,karla mejia,m,28/01/2026,"315,18",escuintla,retail
503305,juan diaz,m,2026-03-01,207.38,mixco,retail
503952,oscar torres,m,16/02/2026,155.51,guatemala,services
504720,jose perez,f,2026-01-18,68.15,chimaltenango,food
502237,hector soto,m,2026-02-20,475.58,desconocido,retail
500404,diana ruiz,m,06/01/2026,"300,95",amatitlan,retail
501653,diana perez,m,2026-01-30,"207,13",guatemala,retail
502194,ana gomez,m,2026-01-15,121.00,mixco,food
501504,isabel lima,f,2026-01-26,253.11,escuintla,education
503396,carlos ortega,f,2026-01-01,"88,92",villa nueva,education
503388,oscar  mazariegos,f,2026-01-20,272.51,villa nueva,services
500153,gustavo ramirez,f,09/02/2026,"243,53",guatemala,education
500816,ana rojas,f,2026-02-26,desconocido,chimaltenango,education
502958,daniel aguilar,f,2026-01-18,"244,06",guatemala,retail
500893,patricia mejia,m,16/02/2026,"110,03",mixco,education
502009,gustavo hernandez,m,2026-02-07,"153,34",villa nueva,education
501094,valeria  vargas,f,2026-02-22,132.26,guatemala,services
503235,jose  nunez,m,2026-02-20,206.04,amatitlan,services
500735,isabel alvarez,f,29/01/2026,"262,88",guatemala,education
503420,laura lopez,f,2026-01-27,325.40,escuintla,food
503726,pedro  ortega,m,2026-01-15,497.87,mixco,retail
500927,andrea diaz,m,2026-01-20,413.74,chimaltenango,services
501558,ricardo rojas,f,2026-01-14,"484,77",mixco,services
500843,pablo lopez,m,2026-01-29,25.43,guatemala,education
502415,rene molina,f,2026-02-19,"386,24",escuintla,education
501533,carmen ruiz,f,2026-01-24,"245,40",quetzaltenango,retail
503690,oscar nunez,m,2026-02-03,"486,50",amatitlan,services
502119,pablo  rojas,f,2026-01-15,25.62,antigua,food
504477,hector  ortega,m,25/01/2026,"413,31",mixco,education
503067,monica vargas,f,2026-01-07,"48,32",escuintla,education
501033,jose perez,m,20/02/2026,"190,93",amatitlan,education
502065,valeria flores,m,2026-02-18,1.73,desconocido,retail
501134,ana soto,f,2026-02-03,95.61,amatitlan,food
504285,diana morales,f,08/01/2026,desconocido,antigua,education
504306,patricia nunez,f,01/03/2026,"74,06",mixco,education
500707,ricardo paz,f,10/02/2026,desconocido,antigua,retail
500721,monica ramirez,f,14/01/2026,"135,15",guatemala,services
504835,oscar lopez,f,2026-02-05,133.91,mixco,food
501375,laura fuentes,f,04/02/2026,405.63,amatitlan,retail
504627,oscar dominguez,m,2026-02-17,256.61,quetzaltenango,retail
504432,rene diaz,,2026-01-20,454.07,escuintla,services
501535,elena dominguez,m,2026-02-07,"61,69",antigua,food
503831,rene lopez,f,2026-03-01,"48,01",escuintla,education
502042,gabriela torres,m,2026-01-24,181.21,guatemala,food
502442,maria lopez,m,11/02/2026,"141,17",amatitlan,food
503136,jose herrera,f,2026-02-25,"45,28",villa nueva,education
503379,valeria flores,m,2026-02-17,173.39,mixco,services
502336,juan herrera,f,15/01/2026,438.03,escuintla,education
500826,gabriela flores,m,2026-01-24,338.92,antigua,education
500222,luis lima,m,15/01/2026,"249,06",mixco,services
502763,fernando gomez,m,2026-01-02,139.62,chimaltenango,retail
501438,daniel herrera,f,2026-02-18,"149,90",mixco,services
504502,patricia diaz,m,27/02/2026,136.75,amatitlan,retail
501154,carmen herrera,m,2026-02-14,"134,91",quetzaltenango,retail
503095,elena lima,m,21/01/2026,476.82,quetzaltenango,food
503744,isabel nunez,f,2026-01-03,496.88,quetzaltenango,food
502121,jose vargas,f,02/02/2026,278.76,antigua,services
504703,karla diaz,f,10/02/2026,"134,16",mixco,education
502363,andrea reyes,,2026-02-26,492.78,escuintla,services
502404,patricia ramirez,f,2026-01-06,"348,40",quetzaltenango,education
504646,rene castillo,m,22/02/2026,483.17,villa nueva,education
504708,daniel herrera,f,2026-01-08,desconocido,villa nueva,food
504064,carmen flores,m,2026-02-13,98.28,antigua,services
501623,rene paz,m,2026-02-01,427.28,antigua,food
503640,gabriela nunez,f,2026-01-18,35.42,antigua,services
501740,karla paz,m,26/01/2026,156.23,amatitlan,services
501135,jose solis,f,11/01/2026,desconocido,guatemala,food
503311,carmen ramirez,m,2026-02-01,454.96,mixco,retail
504102,miguel rojas,f,2026-02-28,403.72,amatitlan,retail
502621,gabriela alvarez,f,2026-01-29,155.30,mixco,retail
502974,monica solis,f,14/02/2026,"352,09",antigua,food
500903,kevin flores,f,2026-02-03,"244,82",amatitlan,services
500491,luis herrera,f,2026-02-21,"53,35",mixco,food
501383,karla herrera,f,2026-01-17,442.61,amatitlan,retail
502716,carlos rojas,m,2026-01-07,180.22,chimaltenango,education
503632,gustavo ramirez,f,29/01/2026,"56,03",amatitlan,retail
500067,carlos rojas,f,2026-02-28,"135,16",escuintla,food
501510,laura lopez,f,2026-01-07,115.11,mixco,education
500392,isabel alvarez,f,2026-02-18,"396,81",desconocido,education
502855,ricardo  castillo,f,08/02/2026,"314,89",antigua,education
501728,pedro nunez,f,2026-02-25,247.12,guatemala,food
501364,ana  gomez,m,2026-02-13,272.74,quetzaltenango,food
504660,pablo perez,m,19/01/2026,"161,10",desconocido,retail
501853,hector paz,m,07/02/2026,413.81,mixco,education
504047,ana castillo,f,2026-02-14,196.09,escuintla,education
503364,pedro paz,m,03/01/2026,"55,44",guatemala,retail
504293,patricia vargas,m,2026-02-20,"361,90",villa nueva,education
504008,daniel gomez,f,16/02/2026,50.83,antigua,food
501640,luis molina,m,06/01/2026,"301,03",quetzaltenango,retail
504160,karla ramirez,f,2026-01-26,307.17,chimaltenango,education
502217,carlos  mazariegos,m,2026-03-01,"494,66",escuintla,food
500617,kevin reyes,m,2026-02-16,326.08,quetzaltenango,services
502353,carlos  morales,m,2026-01-02,"462,04",amatitlan,food
501039,patricia alvarez,f,2026-02-27,146.67,chimaltenango,services
500030,hector dominguez,f,2026-01-09,"364,01",villa nueva,education
504154,patricia ramirez,m,2026-03-01,desconocido,quetzaltenango,retail
501689,juan  morales,f,2026-02-07,388.76,antigua,food
504741,valeria  soto,m,2026-01-05,160.59,quetzaltenango,services
504073,gustavo castillo,f,2026-02-11,"351,69",quetzaltenango,retail
504500,laura  reyes,m,03/02/2026,"314,89",chimaltenango,retail
500204,karla flores,m,27/01/2026,desconocido,villa nueva,services
502720,patricia ortega,m,17/01/2026,158.29,escuintla,retail
503867,paola  morales,f,2026-01-26,298.56,mixco,services
504313,rene mendez,m,2026-02-18,223.83,antigua,education
504204,karla solis,f,2026-02-19,211.60,escuintla,food
501690,sofia fuentes,m,2026-01-25,"387,24",amatitlan,retail
502131,pablo lima,m,2026-02-17,255.79,chimaltenango,education
504390,jose diaz,m,01/02/2026,desconocido,chimaltenango,education
501496,laura  ruiz,m,2026-02-19,427.00,mixco,education
502521,monica perez,m,2026-01-01,378.81,escuintla,food
500116,carmen cruz,m,20/01/2026,"162,90",chimaltenango,retail
503128,hector alvarez,f,2026-01-20,"319,30",quetzaltenango,retail
502279,maria gomez,f,2026-02-04,304.89,escuintla,services
503058,kevin ortega,f,06/02/2026,"276,35",escuintla,retail
502413,ricardo hernandez,f,09/02/2026,322.14,mixco,services
503651,elena vargas,m,2026-01-18,desconocido,antigua,food
503098,jose torres,m,05/02/2026,"153,88",mixco,education
503757,ana castillo,m,2026-02-06,"442,31",escuintla,education
501646,pedro lima,m,2026-02-01,"266,87",mixco,services
503015,gustavo perez,m,2026-01-27,"100,37",quetzaltenango,education
504155,carlos gomez,f,2026-01-24,"366,22",quetzaltenango,services
503602,miguel  nunez,f,12/01/2026,469.15,quetzaltenango,services
501424,hector flores,m,2026-02-24,"312,26",villa nueva,retail
502100,juan molina,f,15/01/2026,"269,14",chimaltenango,education
501060,juan ramirez,m,2026-02-07,"497,52",antigua,education
501537,miguel  mejia,,2026-02-21,484.38,villa nueva,retail
504642,miguel mazariegos,m,2026-02-15,"472,47",chimaltenango,services
500501,ricardo  reyes,f,2026-01-11,desconocido,escuintla,services
504604,andrea fuentes,f,2026-02-24,desconocido,chimaltenango,services
502598,karla solis,m,20/02/2026,184.82,guatemala,retail
503190,luis solis,f,2026-01-25,"26,20",amatitlan,food
504303,diana mendez,f,2026-02-09,43.37,mixco,services
502364,carlos rojas,f,2026-01-16,"332,14",chimaltenango,retail
504592,andrea diaz,m,2026-01-04,299.40,villa nueva,services
500014,laura flores,m,2026-01-05,"264,28",escuintla,retail
504605,diana gomez,m,2026-01-28,"270,71",amatitlan,food
502015,isabel ruiz,f,04/02/2026,375.14,escuintla,food
503722,rene morales,f,02/01/2026,497.02,,services
504680,hector fuentes,m,30/01/2026,desconocido,quetzaltenango,education
501522,monica ortega,m,2026-01-18,"180,55",amatitlan,food
502835,kevin nunez,f,2026-01-07,"391,08",guatemala,education
502749,carlos flores,f,2026-02-01,"391,75",desconocido,retail
501722,isabel fuentes,m,2026-01-29,"117,74",amatitlan,retail
504015,jose herrera,f,2026-02-10,"483,53",villa nueva,retail
500026,laura ortega,m,2026-02-09,"114,06",escuintla,services
503296,paola mendez,f,2026-03-01,"21,69",escuintla,food
502342,ricardo  nunez,m,2026-02-08,"33,13",quetzaltenango,services
501343,maria fuentes,f,2026-01-15,198.34,antigua,services
503881,carmen flores,f,2026-01-22,desconocido,mixco,food
500937,paola alvarez,m,08/01/2026,135.23,guatemala,services
501648,andrea nunez,m,2026-02-11,"431,42",guatemala,education
502082,andrea torres,f,26/01/2026,292.71,escuintla,education
502451,ana soto,f,17/01/2026,desconocido,villa nueva,services
504499,oscar rojas,m,12/02/2026,57.02,amatitlan,food
500999,diana fuentes,f,2026-02-05,"426,63",desconocido,food
502773,paola torres,m,2026-01-29,152.56,mixco,education
502368,laura morales,m,22/02/2026,269.84,chimaltenango,retail
503097,isabel diaz,f,2026-02-10,"298,98",mixco,food
501684,fernando dominguez,f,2026-02-28,368.77,quetzaltenango,retail
500191,pablo ruiz,f,2026-02-24,293.58,escuintla,food
500452,isabel mejia,f,2026-02-12,102.45,amatitlan,services
504077,valeria aguilar,f,2026-01-23,2.78,antigua,services
503644,oscar lopez,f,03/02/2026,"181,04",escuintla,services
501559,patricia  rojas,f,17/01/2026,"348,91",villa nueva,retail
502874,oscar nunez,m,2026-01-17,"240,53",villa nueva,food
502675,karla ortega,f,08/01/2026,258.06,villa nueva,services
504760,fernando fuentes,f,10/01/2026,"439,91",desconocido,services
500077,diana aguilar,f,2026-02-03,"208,59",chimaltenango,food
502471,patricia flores,m,2026-02-13,210.98,antigua,education
503731,sofia morales,f,28/02/2026,416.35,escuintla,retail
501670,karla  mendez,m,03/02/2026,"470,73",guatemala,retail
501031,elena perez,m,27/01/2026,"351,12",villa nueva,food
500798,pedro mendez,m,2026-02-23,458.29,mixco,retail
501725,ana cruz,f,12/02/2026,197.36,quetzaltenango,retail
502734,valeria mejia,f,17/02/2026,desconocido,quetzaltenango,services
500051,maria perez,m,25/02/2026,239.84,antigua,education
501587,carmen perez,f,2026-02-15,desconocido,mixco,education
503809,fernando  fuentes,f,20/01/2026,260.49,antigua,services
502996,isabel alvarez,m,2026-02-24,"351,04",,food
503444,juan nunez,m,2026-03-01,219.62,guatemala,services
501666,kevin castillo,m,24/01/2026,"481,70",chimaltenango,services
504411,oscar herrera,f,2026-02-06,352.51,guatemala,food
503337,maria dominguez,f,16/02/2026,378.58,antigua,food
500898,gustavo  hernandez,m,2026-02-04,desconocido,mixco,education
501133,elena fuentes,f,2026-02-07,desconocido,guatemala,education
500775,ricardo morales,m,2026-02-19,"270,89",guatemala,food
501437,gustavo solis,m,26/02/2026,"204,85",guatemala,services
502383,hector mejia,m,2026-02-03,223.75,guatemala,retail
502490,karla lopez,m,2026-02-15,"270,72",guatemala,retail
501177,laura castillo,m,2026-02-13,"459,02",amatitlan,services
500297,sofia diaz,f,05/01/2026,30.99,guatemala,retail
502348,karla fuentes,m,18/01/2026,482.61,amatitlan,services
502033,jose morales,m,20/01/2026,"19,46",chimaltenango,education
501599,ricardo rojas,f,17/02/2026,"331,69",chimaltenango,food
502864,ricardo herrera,f,2026-02-02,146.46,escuintla,food
500042,andrea paz,m,2026-02-28,449.44,mixco,education
503432,paola  alvarez,f,23/02/2026,"152,83",mixco,services
502566,juan aguilar,f,2026-02-02,397.26,quetzaltenango,services
503033,paola reyes,f,08/02/2026,"293,10",guatemala,services
500632,gustavo aguilar,m,2026-02-17,desconocido,quetzaltenango,food
500341,gustavo soto,f,06/01/2026,"344,69",escuintla,food
502550,ricardo mendez,m,2026-01-14,"190,48",escuintla,food
500147,juan mazariegos,m,2026-02-11,218.49,chimaltenango,food
503341,maria ramirez,m,2026-01-28,"464,60",amatitlan,services
503145,gustavo aguilar,f,2026-02-20,424.16,mixco,food
503836,isabel rojas,f,2026-01-02,134.74,amatitlan,retail
502602,ana flores,f,07/02/2026,65.85,mixco,services
504695,valeria  lopez,f,2026-02-13,125.20,quetzaltenango,services
502008,ricardo ortega,m,04/02/2026,"30,53",amatitlan,services
502999,rene diaz,m,21/02/2026,desconocido,escuintla,education
502831,oscar castillo,m,2026-02-28,447.39,amatitlan,education
504679,daniel perez,f,18/01/2026,desconocido,guatemala,food
500207,carmen torres,m,11/02/2026,"470,45",antigua,education
501230,paola reyes,m,2026-01-16,75.93,mixco,food
500900,ana mazariegos,f,2026-02-12,211.50,antigua,education
501371,patricia  mazariegos,m,2026-01-13,"295,94",villa nueva,retail
501153,elena torres,f,21/02/2026,"175,18",amatitlan,services
504549,gustavo  dominguez,f,20/01/2026,"11,04",mixco,retail
501396,andrea dominguez,f,2026-01-27,"83,76",mixco,education
501488,kevin castillo,m,2026-01-15,"129,31",antigua,food
501838,ricardo  paz,m,2026-01-22,479.64,chimaltenango,retail
504724,karla perez,f,2026-02-05,"141,40",amatitlan,education
500912,elena morales,f,2026-02-10,0.41,escuintla,retail
504769,maria soto,f,2026-01-01,316.02,villa nueva,services
502139,kevin mejia,f,2026-02-06,433.56,antigua,food
501132,carmen molina,f,01/03/2026,"4,08",quetzaltenango,services
503737,ana  vargas,m,04/02/2026,284.63,amatitlan,services
502178,ricardo gomez,f,06/02/2026,"376,51",antigua,services
503383,carmen  rojas,m,2026-01-12,desconocido,chimaltenango,services
503074,jose vargas,f,10/01/2026,322.81,chimaltenango,services
501612,ricardo  rojas,f,2026-02-05,"77,02",chimaltenango,food
503591,paola hernandez,f,2026-01-31,"192,43",amatitlan,food
504683,pedro ortega,m,2026-02-02,desconocido,quetzaltenango,education
501828,paola  paz,m,2026-01-11,139.43,amatitlan,retail
500379,gustavo castillo,m,2026-01-12,"184,06",mixco,retail
500273,hector reyes,,2026-01-25,"280,42",quetzaltenango,services
501668,elena solis,m,2026-01-08,"444,41",villa nueva,services
501320,hector mendez,m,02/02/2026,"37,44",antigua,education
503493,valeria vargas,m,2026-01-11,190.06,quetzaltenango,education
502166,hector lopez,f,2026-01-16,"421,35",villa nueva,services
501148,fernando alvarez,f,02/01/2026,"395,95",amatitlan,food
503673,valeria nunez,m,30/01/2026,desconocido,desconocido,food
502868,sofia flores,f,2026-01-04,"211,81",quetzaltenango,services
501106,luis herrera,f,2026-01-17,426.65,quetzaltenango,services
501097,elena mazariegos,m,2026-02-10,desconocido,antigua,education
500786,laura paz,m,2026-02-15,"4,57",chimaltenango,services
504043,karla molina,m,13/02/2026,225.17,villa nueva,food
503045,fernando paz,m,2026-02-02,98.92,antigua,education
504814,maria  lopez,m,2026-02-18,"221,03",mixco,education
501821,isabel  nunez,f,2026-02-06,459.51,escuintla,education
501310,maria solis,m,2026-02-16,393.85,escuintla,food
504227,carlos soto,m,05/01/2026,"338,69",chimaltenango,retail
504669,fernando soto,m,02/02/2026,174.16,escuintla,education
500540,daniel dominguez,m,2026-01-23,"380,51",guatemala,food
502989,patricia molina,m,2026-02-16,243.22,mixco,services
503684,elena flores,m,20/02/2026,3.52,villa nueva,food
503763,juan dominguez,m,11/02/2026,"265,13",quetzaltenango,food
500495,miguel  solis,f,2026-02-07,desconocido,,retail
501829,paola flores,f,02/01/2026,"491,47",quetzaltenango,retail
504765,karla molina,m,2026-02-08,"412,66",escuintla,food
502670,juan castillo,m,2026-01-08,"380,87",villa nueva,education
502584,fernando ortega,m,23/01/2026,405.76,escuintla,retail
502918,paola mejia,f,2026-02-25,"25,02",chimaltenango,services
504332,juan ruiz,m,2026-01-20,407.90,mixco,food
500434,elena aguilar,f,2026-01-05,"143,11",mixco,food
502661,pedro cruz,m,2026-01-02,"245,62",antigua,education
501942,oscar rojas,m,13/02/2026,"3,75",villa nueva,food
500295,valeria dominguez,m,09/02/2026,"321,42",escuintla,services
500399,karla  torres,f,2026-01-31,"61,33",,services
501935,diana reyes,f,2026-02-16,"223,35",guatemala,food
502949,pedro mazariegos,f,2026-01-22,207.81,chimaltenango,services
502128,fernando ruiz,m,2026-02-19,"52,92",villa nueva,education
503497,luis cruz,m,2026-01-14,453.91,mixco,food
500158,monica ruiz,m,14/01/2026,"292,31",escuintla,retail
502709,juan torres,m,2026-01-24,113.37,amatitlan,food
502487,carlos mejia,m,08/01/2026,47.38,quetzaltenango,food
500646,valeria soto,m,23/01/2026,231.04,chimaltenango,food
501211,monica  hernandez,m,2026-01-13,desconocido,guatemala,services
503445,carlos herrera,f,2026-02-19,"33,34",mixco,services
501732,andrea perez,f,2026-02-10,"468,40",chimaltenango,services
500925,pablo rojas,f,2026-01-25,255.00,villa nueva,retail
502956,karla fuentes,m,2026-02-20,248.74,chimaltenango,retail
504259,miguel ramirez,f,2026-02-11,3.01,villa nueva,food
502054,laura diaz,m,2026-02-27,"359,90",mixco,services
502568,juan gomez,m,2026-01-09,122.39,mixco,education
501921,karla perez,f,09/02/2026,"163,02",desconocido,food
503709,rene mazariegos,f,2026-02-11,0.18,chimaltenango,retail
502503,luis morales,m,2026-02-26,355.01,chimaltenango,retail
504526,diana rojas,m,2026-02-01,381.27,villa nueva,food
504375,ana aguilar,f,2026-01-25,"264,10",chimaltenango,retail
500878,hector solis,f,2026-01-16,381.35,quetzaltenango,services
500742,kevin fuentes,f,2026-02-28,482.63,mixco,retail
501007,daniel lima,f,2026-01-18,"409,21",mixco,food
501136,gabriela molina,m,2026-01-09,242.64,amatitlan,education
500398,carmen torres,m,2026-01-07,360.60,mixco,retail
504459,diana gomez,m,21/01/2026,"470,17",desconocido,food
502626,kevin lima,m,17/02/2026,438.27,chimaltenango,retail
501069,karla morales,desconocido,2026-01-20,332.03,escuintla,education
503166,gustavo mendez,m,2026-01-12,"117,04",escuintla,food
503463,maria rojas,f,2026-02-22,282.10,villa nueva,retail
504508,ana mendez,m,15/02/2026,"236,00",mixco,retail
502222,karla morales,f,2026-02-16,"271,54",quetzaltenango,services
500364,pablo paz,f,2026-02-14,109.41,escuintla,food
503874,fernando  torres,,2026-02-17,desconocido,amatitlan,services
501355,ricardo paz,m,26/02/2026,"453,81",quetzaltenango,food
500245,monica cruz,m,2026-02-20,"281,22",mixco,retail
503790,kevin castillo,desconocido,2026-02-02,307.64,chimaltenango,education
501321,elena ramirez,f,2026-02-25,142.13,antigua,food
504522,sofia mejia,m,2026-01-23,469.86,amatitlan,retail
501579,fernando cruz,f,09/02/2026,"258,84",escuintla,education
500966,sofia  flores,m,2026-01-20,"94,31",desconocido,food
504539,carlos reyes,f,2026-01-19,211.91,quetzaltenango,education
501079,monica alvarez,f,2026-02-27,desconocido,escuintla,services
500255,gabriela solis,f,06/01/2026,254.78,desconocido,services
503536,pablo mazariegos,f,2026-02-02,204.08,chimaltenango,food
500551,carlos molina,f,2026-02-13,314.06,quetzaltenango,food
504505,valeria solis,m,2026-01-30,desconocido,antigua,services
500533,diana lima,m,11/02/2026,"81,10",,food
500334,patricia alvarez,m,16/01/2026,"417,78",guatemala,services
502555,carmen diaz,m,07/02/2026,81.79,chimaltenango,retail
503088,gustavo torres,f,2026-02-07,"457,81",guatemala,education
504108,rene  hernandez,m,2026-02-28,261.46,guatemala,education
501353,patricia perez,f,14/02/2026,"446,68",amatitlan,retail
501265,paola dominguez,m,2026-01-17,"208,46",mixco,services
504290,daniel soto,m,2026-01-10,471.60,guatemala,retail
500923,maria ramirez,m,14/02/2026,desconocido,chimaltenango,education
503011,juan hernandez,f,2026-01-03,329.55,mixco,services
500403,monica perez,m,22/02/2026,"463,35",guatemala,retail
501806,jose mendez,f,2026-02-14,"64,47",escuintla,food
504083,kevin paz,m,2026-01-07,"71,13",mixco,services
504717,andrea fuentes,f,16/01/2026,"386,02",quetzaltenango,food
503004,pedro perez,f,2026-01-23,desconocido,chimaltenango,retail
504543,pedro dominguez,f,2026-01-28,192.82,escuintla,retail
504374,diana ramirez,f,2026-01-28,"102,07",villa nueva,education
500408,valeria diaz,f,28/01/2026,83.76,mixco,food
501297,monica aguilar,desconocido,2026-01-18,50.85,,food
504629,daniel mendez,m,06/02/2026,"209,30",villa nueva,food
503661,fernando soto,f,2026-01-11,7.12,villa nueva,services
504383,ricardo  mejia,f,11/01/2026,16.61,quetzaltenango,services
501260,daniel reyes,m,2026-02-01,104.92,amatitlan,services
502365,karla molina,f,2026-02-28,"115,47",villa nueva,food
501103,jose paz,f,2026-01-30,"243,31",escuintla,services
501908,daniel  ramirez,m,2026-02-02,"332,20",chimaltenango,food
501017,miguel rojas,m,07/01/2026,427.92,quetzaltenango,food
501734,carlos lopez,f,2026-02-23,106.15,,food
500616,paola rojas,m,2026-01-22,47.00,antigua,retail
503327,pedro cruz,m,12/01/2026,"321,61",mixco,education
502302,kevin morales,m,09/01/2026,"393,16",chimaltenango,retail
503093,sofia solis,m,02/02/2026,"157,49",mixco,education
501118,diana nunez,m,2026-01-15,282.61,chimaltenango,education
500536,diana ramirez,m,2026-02-05,249.83,escuintla,services
504870,gabriela castillo,m,2026-02-14,"16,54",villa nueva,food
504851,oscar castillo,m,2026-01-29,181.53,amatitlan,education
500860,patricia  aguilar,f,2026-02-08,266.26,quetzaltenango,education
501345,pedro alvarez,m,2026-01-08,"104,92",chimaltenango,food
504753,diana molina,m,14/02/2026,460.55,quetzaltenango,food
502078,valeria perez,f,2026-01-13,482.85,quetzaltenango,food
503683,jose nunez,m,15/01/2026,228.08,guatemala,food
504697,miguel  morales,m,02/02/2026,190.85,villa nueva,services
501593,juan alvarez,f,2026-02-27,desconocido,amatitlan,education
504764,diana mejia,f,04/02/2026,"28,28",quetzaltenango,food
504877,ana lima,f,2026-01-19,"299,34",antigua,services
501172,maria  vargas,m,15/02/2026,186.02,chimaltenango,food
502424,miguel alvarez,f,2026-02-06,220.85,antigua,retail
501369,pedro  diaz,m,2026-01-21,440.26,guatemala,education
504044,laura fuentes,f,2026-02-07,106.59,antigua,education
501164,valeria soto,f,2026-02-14,"317,47",quetzaltenango,food
501067,luis rojas,m,2026-02-22,471.23,amatitlan,education
500142,pablo mejia,f,18/02/2026,desconocido,antigua,food
500597,kevin gomez,f,2026-02-05,"72,90",quetzaltenango,education
504270,gabriela  alvarez,f,11/01/2026,354.72,quetzaltenango,services
503367,pedro mendez,m,26/02/2026,"393,71",quetzaltenango,education
503141,hector paz,f,2026-02-08,267.40,quetzaltenango,retail
501498,andrea ortega,f,2026-01-06,429.01,chimaltenango,retail
504465,paola fuentes,m,25/01/2026,"221,60",amatitlan,food
500532,pablo soto,m,2026-02-22,"226,34",amatitlan,education
500402,pedro vargas,f,23/01/2026,236.92,quetzaltenango,education
501309,paola gomez,m,2026-01-26,"347,53",escuintla,food
502321,monica castillo,f,2026-01-02,"273,31",antigua,education
503657,hector soto,f,19/01/2026,"65,31",guatemala,food
504027,monica solis,f,2026-01-31,193.82,amatitlan,retail
502820,jose solis,m,2026-01-07,"221,60",desconocido,retail
502684,sofia rojas,m,2026-02-19,"402,29",chimaltenango,food
502617,miguel lopez,f,19/01/2026,"133,34",villa nueva,retail
501848,diana rojas,f,2026-02-10,"494,57",mixco,education
500637,jose fuentes,m,2026-02-18,430.08,quetzaltenango,education
502665,ana solis,m,2026-01-06,"227,89",quetzaltenango,services
502730,isabel alvarez,f,2026-01-23,"490,27",quetzaltenango,retail
501859,miguel  dominguez,m,31/01/2026,209.23,chimaltenango,education
504455,patricia castillo,m,01/02/2026,"330,42",escuintla,services
501411,juan fuentes,f,2026-01-19,41.79,guatemala,education
501401,diana ramirez,m,2026-01-24,195.38,quetzaltenango,education
504868,pablo gomez,f,2026-01-26,"366,44",quetzaltenango,services
502084,sofia diaz,f,22/01/2026,desconocido,chimaltenango,retail
503938,miguel  perez,m,2026-01-30,326.33,guatemala,retail
504776,miguel morales,m,23/02/2026,"9,01",antigua,food
500125,daniel gomez,m,2026-01-01,142.91,mixco,education
501363,carlos reyes,m,2026-02-20,"495,06",villa nueva,food
501055,karla aguilar,f,11/01/2026,"277,46",amatitlan,retail
501314,pablo  castillo,f,16/01/2026,181.39,mixco,services
502991,rene nunez,f,23/02/2026,"17,09",amatitlan,retail
503397,karla lima,m,24/01/2026,341.92,quetzaltenango,food
502401,juan hernandez,m,20/01/2026,323.07,escuintla,services
501242,monica flores,m,2026-01-03,"147,35",mixco,services
502822,sofia  hernandez,f,08/02/2026,"452,23",mixco,services
501072,gabriela alvarez,m,07/01/2026,178.80,amatitlan,services
500007,rene ortega,m,2026-02-12,34.58,chimaltenango,education
504566,andrea mejia,f,2026-02-17,57.68,amatitlan,retail
500057,andrea aguilar,f,23/02/2026,76.26,amatitlan,food
502062,daniel cruz,f,2026-01-16,305.24,mixco,services
503342,isabel reyes,m,2026-02-07,desconocido,chimaltenango,retail
503474,carmen ramirez,f,26/01/2026,468.96,escuintla,food
504379,isabel castillo,f,24/02/2026,"423,29",quetzaltenango,retail
501636,andrea herrera,m,2026-01-25,"169,17",amatitlan,food
503616,laura diaz,f,2026-01-30,361.97,villa nueva,food
503150,oscar torres,m,2026-01-31,178.42,mixco,services
502263,rene lima,m,2026-01-18,190.74,antigua,food
503839,maria ruiz,f,16/02/2026,desconocido,villa nueva,food
502971,miguel soto,f,2026-02-02,"146,49",guatemala,food
503624,laura  ramirez,m,2026-02-14,"417,94",chimaltenango,food
500590,rene  fuentes,m,2026-02-26,desconocido,quetzaltenango,services
504220,monica dominguez,m,2026-02-26,368.83,villa nueva,education
500967,gustavo morales,m,04/02/2026,498.92,escuintla,retail
501186,elena mejia,m,2026-01-05,"6,42",villa nueva,retail
501128,patricia  torres,f,2026-02-15,"197,03",guatemala,education
504412,rene lima,m,17/02/2026,479.98,escuintla,education
501285,ana  nunez,f,2026-01-29,"2,13",chimaltenango,services
504111,karla alvarez,m,2026-02-07,42.91,villa nueva,education
500359,oscar diaz,f,23/01/2026,desconocido,antigua,food
503521,daniel ruiz,f,04/02/2026,"284,75",desconocido,food
500673,karla mazariegos,f,15/02/2026,"473,30",guatemala,education
503143,luis ortega,f,31/01/2026,"112,78",chimaltenango,retail
500680,jose mazariegos,m,2026-02-09,216.78,chimaltenango,education
504004,patricia cruz,f,09/02/2026,262.64,,retail
504798,pedro vargas,m,2026-01-26,"322,20",antigua,education
502185,ana soto,f,2026-01-25,"2,43",mixco,retail
500293,juan flores,m,2026-02-19,322.83,villa nueva,education
500086,gustavo mejia,m,21/01/2026,"425,24",mixco,services
504279,kevin soto,m,2026-02-11,55.53,escuintla,retail
500959,andrea herrera,f,2026-01-25,189.66,antigua,retail
500944,karla morales,f,2026-01-22,"22,83",quetzaltenango,education
500131,hector molina,f,2026-03-01,100.01,guatemala,services
500291,andrea mendez,m,05/02/2026,301.38,mixco,food
500156,karla alvarez,m,2026-02-21,desconocido,villa nueva,education
502843,ricardo aguilar,f,30/01/2026,426.76,villa nueva,retail
501524,diana flores,f,2026-01-29,"137,98",villa nueva,food
502816,kevin reyes,f,2026-01-15,368.47,amatitlan,retail
500004,laura diaz,m,2026-01-30,desconocido,amatitlan,services
502872,hector gomez,m,02/01/2026,"276,33",amatitlan,retail
500218,rene vargas,m,2026-03-01,"210,79",chimaltenango,food
504820,isabel molina,f,2026-01-09,448.09,escuintla,services
502384,fernando  dominguez,f,2026-01-09,226.41,quetzaltenango,services
502967,patricia herrera,f,2026-01-08,"398,59",antigua,services
503581,gabriela castillo,m,13/02/2026,"454,32",mixco,education
504577,fernando mendez,f,15/01/2026,"407,70",amatitlan,education
502875,monica herrera,f,2026-02-09,"323,80",mixco,services
500406,isabel flores,f,07/02/2026,"7,16",amatitlan,services
500261,luis cruz,f,2026-01-07,"48,18",escuintla,services
503123,miguel mejia,m,2026-02-07,237.76,chimaltenango,retail
503645,kevin rojas,m,2026-01-25,"80,66",amatitlan,food
502204,miguel hernandez,m,2026-02-15,"41,82",antigua,retail
504821,valeria alvarez,f,2026-01-09,"195,71",escuintla,education
504365,kevin castillo,m,30/01/2026,"469,59",escuintla,education
501932,kevin rojas,f,10/02/2026,desconocido,quetzaltenango,food
502224,valeria lima,f,2026-01-02,"86,63",villa nueva,retail
501155,andrea herrera,m,2026-02-22,"30,71",guatemala,retail
501119,kevin  mazariegos,m,2026-02-26,"205,62",amatitlan,services
500513,laura soto,f,01/01/2026,487.61,escuintla,education
500468,sofia diaz,m,14/02/2026,"363,24",antigua,education
500578,karla solis,f,2026-01-02,"415,89",quetzaltenango,education
500477,sofia ruiz,f,18/02/2026,"251,48",guatemala,food
501539,kevin ortega,m,02/02/2026,"228,52",amatitlan,retail
501711,juan mazariegos,m,2026-01-04,"360,06",escuintla,services
500500,ricardo mejia,f,2026-02-24,"91,64",mixco,education
501175,rene hernandez,f,24/02/2026,320.46,chimaltenango,services
500499,gabriela flores,m,2026-01-04,"442,33",mixco,education
501276,hector nunez,f,05/02/2026,"397,89",villa nueva,services
500087,miguel mejia,f,2026-02-13,"295,37",antigua,food
504307,kevin ortega,f,03/02/2026,412.56,mixco,food
501284,juan solis,f,06/02/2026,237.57,escuintla,retail
504447,ana paz,m,2026-02-01,"232,92",guatemala,education
502972,carmen lopez,f,07/02/2026,"112,23",quetzaltenango,education
503252,daniel ramirez,m,15/01/2026,246.72,guatemala,retail
502374,elena ortega,m,2026-02-03,70.22,villa nueva,education
504446,monica  flores,m,27/01/2026,86.80,villa nueva,services
502695,rene ramirez,m,2026-01-12,desconocido,mixco,services
504434,daniel morales,f,09/01/2026,282.11,villa nueva,services
501455,pedro  flores,m,03/01/2026,desconocido,quetzaltenango,food
501744,paola mendez,m,13/02/2026,140.86,guatemala,food
501786,daniel solis,m,2026-01-18,"341,21",amatitlan,retail
500180,oscar rojas,m,25/01/2026,"430,47",mixco,education
500214,kevin dominguez,f,2026-01-22,109.23,villa nueva,retail
500467,laura mendez,f,2026-02-01,489.93,guatemala,services
501555,miguel herrera,m,2026-02-28,"296,68",mixco,retail
504121,diana soto,m,2026-02-20,"147,24",quetzaltenango,food
502990,kevin  paz,f,01/02/2026,"434,22",desconocido,education
501547,carlos morales,m,01/03/2026,276.34,amatitlan,services
504068,oscar rojas,f,2026-01-16,"446,35",escuintla,food
504650,laura soto,m,2026-02-10,283.85,antigua,education
501219,juan alvarez,m,2026-01-22,"331,47",chimaltenango,food
502623,juan fuentes,m,2026-02-02,"141,45",guatemala,food
502830,monica  flores,f,27/01/2026,270.04,guatemala,retail
501503,gustavo lopez,f,2026-01-12,desconocido,mixco,services
501409,paola  alvarez,f,2026-01-28,398.62,chimaltenango,education
500263,carlos  reyes,f,2026-02-04,"21,64",guatemala,services
500527,gabriela soto,f,16/02/2026,438.37,guatemala,food
500848,kevin flores,m,2026-02-20,"424,58",guatemala,education
501016,pablo  torres,m,2026-02-17,"414,66",quetzaltenango,food
500317,isabel diaz,m,2026-01-18,desconocido,amatitlan,services
504895,karla  gomez,m,24/02/2026,117.09,quetzaltenango,services
501036,monica nunez,m,2026-01-03,449.66,quetzaltenango,services
500567,paola torres,m,03/02/2026,"454,76",antigua,services
501892,fernando ramirez,f,2026-01-11,"145,05",antigua,food
503534,isabel  ramirez,f,2026-02-01,482.00,villa nueva,services
500605,valeria flores,m,2026-02-21,434.26,escuintla,retail
500621,monica mendez,f,2026-02-08,desconocido,amatitlan,services
500292,isabel lima,f,18/02/2026,"262,31",mixco,food
501798,elena morales,f,2026-02-03,"72,43",antigua,education
502058,fernando morales,f,2026-01-03,"448,74",guatemala,services
502376,sofia  molina,f,2026-02-05,"347,32",escuintla,retail
502791,andrea  cruz,m,2026-01-13,desconocido,escuintla,retail
503808,ricardo torres,f,2026-01-13,"188,09",escuintla,food
504498,luis ramirez,f,2026-02-25,110.41,mixco,education
503415,miguel vargas,m,31/01/2026,"79,98",chimaltenango,services
500796,andrea fuentes,m,08/01/2026,desconocido,quetzaltenango,retail
502097,carmen  gomez,f,09/01/2026,209.05,amatitlan,retail
503558,monica cruz,m,05/02/2026,231.48,mixco,food
503347,valeria mendez,f,13/01/2026,103.69,mixco,retail
504107,rene solis,f,2026-02-17,216.96,chimaltenango,services
504141,hector castillo,f,2026-02-03,384.31,chimaltenango,services
500289,rene reyes,m,2026-02-06,294.94,villa nueva,food
502435,elena perez,m,2026-02-03,201.02,guatemala,food
504548,ana rojas,f,2026-01-27,387.97,antigua,retail
500854,maria ruiz,m,2026-01-12,"260,29",guatemala,retail
503294,paola flores,f,02/01/2026,desconocido,quetzaltenango,food
502230,monica rojas,m,2026-01-16,"367,51",antigua,food
500801,miguel soto,f,2026-02-14,"79,59",chimaltenango,education
504045,juan vargas,m,2026-01-26,"454,07",amatitlan,retail
503418,pablo  aguilar,m,2026-01-21,254.39,antigua,education
503834,rene ramirez,f,2026-02-08,"287,80",amatitlan,retail
503612,ana reyes,,2026-02-28,359.95,mixco,education
504415,oscar hernandez,f,10/01/2026,"205,77",villa nueva,services
504855,carmen dominguez,m,2026-01-02,120.43,mixco,retail
503022,valeria diaz,m,05/01/2026,113.04,quetzaltenango,food
502738,daniel  rojas,f,24/02/2026,"223,39",guatemala,education
503538,isabel herrera,m,2026-02-23,210.34,mixco,food
501346,kevin diaz,f,2026-01-23,43.05,amatitlan,services
501713,patricia  gomez,m,2026-02-09,"469,95",chimaltenango,retail
500503,kevin castillo,f,2026-02-02,194.54,,education
503427,paola nunez,m,2026-02-13,desconocido,quetzaltenango,education
501232,ricardo mejia,f,11/01/2026,"302,04",antigua,food
501452,luis soto,m,2026-01-02,"317,89",antigua,education
501911,andrea ramirez,f,2026-03-01,"221,75",antigua,food
503387,juan torres,f,2026-02-15,"444,53",quetzaltenango,food
503609,laura aguilar,f,2026-02-20,"256,64",chimaltenango,retail
500622,gabriela cruz,m,2026-01-01,60.67,chimaltenango,food
500035,ricardo paz,f,2026-01-28,"66,94",desconocido,retail
502354,karla soto,f,2026-02-11,"381,80",villa nueva,education
504166,jose perez,m,15/01/2026,desconocido,villa nueva,retail
504571,gustavo  torres,m,2026-02-25,"388,74",,services
503431,pedro nunez,m,2026-02-09,254.27,desconocido,retail
503079,diana mazariegos,f,17/02/2026,desconocido,escuintla,retail
502704,carlos gomez,m,2026-02-15,291.85,guatemala,services
501374,maria fuentes,m,07/01/2026,422.37,villa nueva,retail
504823,ricardo vargas,f,2026-02-13,"73,91",,education
501087,patricia gomez,f,2026-02-17,"275,12",guatemala,education
503417,gustavo ortega,f,2026-02-24,281.86,amatitlan,retail
503066,daniel ramirez,m,2026-02-09,desconocido,escuintla,food
503652,miguel herrera,f,2026-01-21,"33,95",quetzaltenango,education
501702,juan soto,m,2026-01-25,"285,58",villa nueva,retail
504219,diana hernandez,m,2026-02-11,257.31,amatitlan,food
504492,diana rojas,m,25/01/2026,"305,46",chimaltenango,food
500579,diana aguilar,m,2026-01-29,"486,13",guatemala,food
504648,pablo mejia,m,02/02/2026,361.40,guatemala,education
502182,karla herrera,f,2026-02-06,103.05,villa nueva,education
502269,karla nunez,m,2026-01-17,186.56,chimaltenango,retail
501081,elena ramirez,f,2026-02-02,"240,43",antigua,services
503908,oscar cruz,f,2026-02-11,"269,10",escuintla,food
500208,laura reyes,f,2026-02-23,"426,53",amatitlan,food
502767,patricia diaz,m,25/01/2026,"262,21",villa nueva,retail
500697,andrea solis,f,2026-01-01,"257,43",villa nueva,retail
501527,carmen morales,f,2026-02-25,"3,36",guatemala,food
501421,maria  ortega,m,12/01/2026,"202,41",antigua,food
503238,oscar  mazariegos,f,2026-01-22,466.94,chimaltenango,education
504802,valeria  lopez,f,2026-02-22,155.38,quetzaltenango,retail
504453,jose paz,f,11/01/2026,346.75,amatitlan,education
500815,paola aguilar,m,2026-02-17,389.30,antigua,education
502137,gabriela vargas,f,2026-02-01,"403,47",antigua,food
500451,carlos dominguez,f,21/02/2026,155.93,amatitlan,food
503352,ana  hernandez,m,2026-01-14,"5,50",villa nueva,services
501502,carlos  alvarez,f,05/01/2026,64.76,quetzaltenango,education
501841,fernando cruz,m,2026-01-12,162.90,amatitlan,food
500703,hector morales,m,2026-02-21,"304,52",quetzaltenango,services
502810,miguel rojas,m,2026-01-05,"214,11",amatitlan,education
503699,isabel  nunez,m,09/01/2026,"48,62",quetzaltenango,education
501865,patricia herrera,f,27/02/2026,"475,27",antigua,education
502350,karla  mendez,f,2026-02-14,492.88,villa nueva,retail
504797,carlos aguilar,f,2026-02-22,260.97,quetzaltenango,food
502674,diana lima,m,28/01/2026,288.87,guatemala,retail
502101,ricardo paz,f,01/01/2026,"72,74",antigua,education
503978,jose ramirez,m,2026-01-31,493.86,amatitlan,education
502416,sofia  vargas,f,2026-01-17,"279,10",guatemala,food
500506,diana  paz,desconocido,25/02/2026,89.25,villa nueva,education
501061,jose mendez,f,2026-01-27,84.85,escuintla,education
501674,juan  ramirez,m,2026-02-21,167.59,mixco,services
502563,patricia  diaz,f,2026-02-17,"449,38",guatemala,services
503462,sofia lopez,f,17/02/2026,desconocido,mixco,retail
500795,andrea soto,f,2026-02-28,489.73,chimaltenango,education
503477,pedro nunez,f,2026-02-28,"330,34",mixco,services
504846,hector dominguez,f,2026-01-03,391.37,antigua,services
503767,ana  fuentes,m,2026-02-26,34.75,mixco,retail
503368,monica mejia,m,2026-01-20,157.65,guatemala,services
503105,maria ruiz,m,2026-01-31,"487,58",escuintla,services
502548,isabel fuentes,f,2026-02-25,"347,51",chimaltenango,retail
503803,jose ruiz,m,2026-03-01,249.28,quetzaltenango,food
501776,pablo  herrera,m,2026-02-26,desconocido,desconocido,services
501280,diana  aguilar,m,11/02/2026,313.76,amatitlan,services
504136,gabriela reyes,f,2026-01-26,desconocido,amatitlan,services
504715,gabriela soto,m,2026-01-06,355.59,escuintla,services
501955,pedro nunez,f,2026-02-20,"348,30",chimaltenango,food
500383,luis soto,m,18/01/2026,325.54,escuintla,services
504865,carmen herrera,m,2026-01-25,"175,25",guatemala,food
503608,carmen alvarez,m,2026-02-26,70.85,escuintla,retail
504750,valeria  castillo,f,2026-02-19,116.44,guatemala,retail
500948,monica  aguilar,m,28/01/2026,397.82,amatitlan,food
503686,gabriela dominguez,m,2026-01-10,"80,17",escuintla,services
504762,valeria solis,f,08/02/2026,"371,71",villa nueva,services
500875,valeria cruz,f,08/02/2026,296.73,mixco,services
503160,gustavo herrera,m,2026-01-17,"467,64",amatitlan,food
502841,gustavo morales,m,2026-01-07,451.80,mixco,food
504244,hector paz,f,2026-02-01,"213,73",quetzaltenango,services
502938,sofia ruiz,m,2026-01-29,166.13,quetzaltenango,education
501485,carlos diaz,f,2026-02-12,119.38,escuintla,retail
501983,rene soto,f,01/02/2026,121.61,villa nueva,retail
500620,laura aguilar,m,2026-01-10,57.20,amatitlan,food
500427,sofia nunez,f,2026-01-18,"309,40",quetzaltenango,retail
500282,paola mazariegos,f,09/01/2026,274.24,chimaltenango,retail
500785,elena herrera,f,2026-01-06,87.65,escuintla,services
503187,oscar reyes,m,2026-02-22,"425,75",quetzaltenango,services
502721,jose alvarez,m,2026-02-28,"340,63",antigua,retail
501930,carmen lopez,f,2026-02-03,416.05,antigua,education
504847,gustavo cruz,m,01/03/2026,183.52,quetzaltenango,food
502022,luis flores,m,2026-01-25,"409,49",villa nueva,services
503090,jose perez,f,03/02/2026,"298,92",villa nueva,education
502643,juan hernandez,m,2026-02-10,"301,93",antigua,education
502227,diana ramirez,m,2026-01-13,desconocido,guatemala,retail
503061,gabriela  molina,m,2026-02-12,"173,47",escuintla,food
502016,oscar ruiz,m,28/01/2026,495.72,villa nueva,retail
502914,daniel perez,f,2026-02-23,165.87,quetzaltenango,services
503900,elena  paz,m,2026-03-01,184.96,desconocido,retail
502942,gabriela castillo,m,2026-02-16,"37,75",guatemala,retail
502977,jose lopez,f,2026-02-09,desconocido,chimaltenango,services
501638,juan diaz,m,19/01/2026,"63,21",escuintla,education
501792,daniel  diaz,f,2026-01-20,79.05,mixco,education
504314,isabel molina,m,19/01/2026,"498,28",chimaltenango,retail
502309,daniel morales,f,31/01/2026,120.12,antigua,services
502466,sofia lima,f,27/01/2026,"493,75",amatitlan,education
503937,ricardo cruz,m,2026-02-13,"221,17",quetzaltenango,retail
504210,daniel vargas,f,09/01/2026,279.66,quetzaltenango,retail
500314,fernando cruz,m,2026-01-15,"99,98",mixco,services
501423,oscar hernandez,f,09/02/2026,276.46,mixco,retail
504681,juan paz,m,2026-02-13,"447,53",mixco,education
504829,laura reyes,f,26/01/2026,449.25,mixco,services
502349,paola flores,m,07/01/2026,275.10,amatitlan,education
500346,kevin vargas,f,2026-01-10,"288,52",escuintla,services
504743,monica  ramirez,m,2026-01-26,"331,76",chimaltenango,services
500793,diana ruiz,f,2026-02-24,"332,96",mixco,food
501220,valeria molina,m,2026-01-29,435.34,mixco,retail
500993,karla vargas,m,2026-01-13,"211,85",desconocido,retail
501922,ricardo ruiz,m,2026-02-11,277.53,antigua,services
501204,daniel vargas,m,2026-01-07,317.22,escuintla,services
500572,ricardo paz,f,2026-02-05,"47,89",antigua,food
504875,pedro  molina,m,2026-02-19,"208,65",chimaltenango,retail
503885,fernando  castillo,m,2026-02-03,desconocido,antigua,education
501075,andrea cruz,m,28/01/2026,desconocido,quetzaltenango,services
500655,ana morales,f,2026-02-10,409.30,escuintla,food
501435,karla nunez,m,2026-02-19,"17,59",villa nueva,services
503050,carlos mendez,m,09/02/2026,227.99,desconocido,food
503540,rene dominguez,f,2026-01-05,desconocido,,retail
500170,kevin lima,,2026-01-27,"143,26",chimaltenango,retail
500870,ana reyes,m,2026-01-23,387.35,antigua,food
501142,valeria reyes,m,19/01/2026,75.32,amatitlan,education
500353,pedro solis,f,2026-02-08,"407,99",guatemala,services
502446,maria solis,m,04/02/2026,"108,87",mixco,education
504203,jose  mazariegos,f,2026-01-13,"331,71",mixco,food
504399,luis ortega,m,2026-02-14,desconocido,guatemala,services
503260,pedro rojas,m,2026-01-21,"254,12",villa nueva,education
500157,sofia mazariegos,m,2026-02-26,"477,11",quetzaltenango,retail
501560,maria dominguez,m,2026-02-09,391.81,escuintla,services
502652,laura vargas,f,2026-02-16,210.57,guatemala,food
500600,andrea morales,f,2026-01-24,"285,05",quetzaltenango,education
503669,fernando morales,f,2026-02-08,"92,99",escuintla,education
504610,paola gomez,m,2026-02-14,desconocido,guatemala,services
501685,valeria diaz,f,2026-02-21,"497,20",chimaltenango,retail
502710,carlos mejia,f,2026-01-24,306.22,mixco,services
501978,monica rojas,m,2026-02-10,desconocido,villa nueva,food
502575,pablo mazariegos,f,2026-02-04,desconocido,mixco,retail
500715,carlos mazariegos,desconocido,2026-01-08,262.17,chimaltenango,retail
501590,maria  lopez,f,2026-01-04,477.47,mixco,education
500570,valeria vargas,f,11/01/2026,"84,32",villa nueva,education
504009,pedro torres,m,2026-01-10,"55,95",antigua,retail
500021,jose perez,f,2026-02-22,"328,76",guatemala,retail
500877,miguel ramirez,f,28/02/2026,desconocido,mixco,education
502193,monica nunez,m,2026-02-10,318.77,quetzaltenango,retail
504673,oscar rojas,f,2026-02-27,"172,93",quetzaltenango,education
504639,carlos soto,m,16/01/2026,48.34,villa nueva,food
504337,patricia  mejia,m,2026-01-10,"238,01",desconocido,retail
504022,karla gomez,f,2026-01-16,"496,55",amatitlan,education
503696,hector ruiz,m,16/01/2026,"405,39",quetzaltenango,retail
503815,kevin flores,m,25/02/2026,165.32,antigua,food
502107,daniel mendez,m,2026-01-31,295.21,villa nueva,retail
502545,karla lima,f,2026-02-16,"467,11",chimaltenango,education
503504,luis morales,f,2026-02-06,"8,33",villa nueva,retail
501881,laura rojas,m,2026-01-12,203.00,mixco,services
501143,ana soto,m,2026-01-02,"239,85",escuintla,education
503029,karla soto,f,2026-01-03,"393,56",escuintla,retail
503948,gabriela herrera,desconocido,2026-02-02,117.64,chimaltenango,services
503517,laura castillo,f,09/02/2026,desconocido,guatemala,food
500100,andrea ruiz,m,2026-03-01,389.30,escuintla,education
500645,oscar morales,m,2026-01-21,424.96,guatemala,retail
502853,rene  molina,m,2026-01-07,"182,12",escuintla,retail
501281,daniel ruiz,f,2026-01-13,"124,15",escuintla,education
502781,andrea cruz,m,31/01/2026,384.45,quetzaltenango,services
501315,jose reyes,f,2026-01-26,desconocido,escuintla,retail
501966,gabriela dominguez,,2026-02-22,"353,61",chimaltenango,education
501749,juan ruiz,f,2026-01-07,desconocido,mixco,services
503887,elena ruiz,m,2026-02-03,462.70,amatitlan,services
502664,maria cruz,f,2026-01-13,158.14,guatemala,education
500812,hector reyes,m,29/01/2026,83.86,quetzaltenango,services
503255,juan flores,f,2026-02-05,11.22,amatitlan,food
501820,laura vargas,m,14/02/2026,490.87,chimaltenango,retail
502338,valeria torres,m,2026-01-19,347.71,villa nueva,retail
500719,karla aguilar,m,2026-01-22,"405,57",chimaltenango,food
500431,kevin fuentes,m,2026-02-23,"13,49",villa nueva,education
504494,jose ramirez,f,09/02/2026,164.66,amatitlan,services
500849,miguel morales,,2026-02-19,"48,46",mixco,education
501146,gustavo lopez,f,2026-01-03,381.07,escuintla,food
503833,maria perez,f,2026-01-29,250.26,villa nueva,services
502045,patricia hernandez,f,06/01/2026,78.16,quetzaltenango,education
502170,elena flores,m,2026-01-01,391.35,chimaltenango,services
502935,luis alvarez,m,07/02/2026,"36,26",villa nueva,education
504484,jose alvarez,f,17/01/2026,desconocido,quetzaltenango,services
503822,laura alvarez,f,2026-02-03,"305,44",amatitlan,retail
504493,carlos ortega,m,2026-01-03,"61,58",chimaltenango,services
503323,andrea castillo,f,27/02/2026,391.60,villa nueva,education
504712,carmen lopez,f,05/01/2026,472.58,chimaltenango,retail
501799,fernando vargas,f,2026-03-01,269.57,villa nueva,retail
503339,kevin alvarez,m,2026-01-26,398.43,desconocido,services
503906,fernando torres,desconocido,2026-01-15,"287,12",quetzaltenango,education
503928,diana flores,m,22/01/2026,448.49,mixco,education
502099,kevin  nunez,f,22/02/2026,406.43,mixco,services
500159,sofia lopez,m,2026-01-15,172.22,quetzaltenango,retail
503236,maria paz,f,2026-02-01,"58,33",,education
500562,oscar reyes,m,2026-01-10,310.68,antigua,services
502771,pablo ramirez,m,2026-01-04,"393,71",amatitlan,education
500891,juan  soto,f,2026-02-08,464.56,escuintla,services
500933,fernando soto,f,2026-01-23,desconocido,antigua,food
501769,ricardo torres,m,13/02/2026,"433,31",antigua,services
501071,rene herrera,f,2026-01-13,146.16,chimaltenango,retail
503916,miguel castillo,m,2026-02-23,"159,65",antigua,food
500725,carlos soto,m,2026-01-07,99.26,villa nueva,food
500574,carlos diaz,m,2026-01-24,"18,29",escuintla,education
503174,jose  morales,desconocido,2026-02-24,412.31,amatitlan,education
501317,daniel perez,m,19/01/2026,"453,15",chimaltenango,education
502360,gustavo fuentes,m,2026-02-21,115.55,escuintla,retail
503271,ricardo castillo,f,2026-01-06,135.76,amatitlan,food
502345,elena ruiz,f,2026-02-26,288.78,mixco,food
504782,diana mazariegos,f,09/02/2026,"267,45",escuintla,services
502400,patricia mazariegos,f,2026-02-12,55.60,quetzaltenango,education
504773,gustavo morales,f,2026-01-15,"93,76",antigua,services
503161,elena mendez,f,08/01/2026,354.70,amatitlan,retail
503843,hector herrera,f,2026-02-09,247.18,chimaltenango,food
500349,kevin dominguez,f,2026-02-18,"4,20",chimaltenango,food
502524,andrea herrera,f,2026-02-08,"109,67",amatitlan,services
502564,monica nunez,f,2026-02-26,"64,14",quetzaltenango,food
501415,carlos castillo,f,2026-01-10,6.04,villa nueva,services
500068,maria cruz,f,2026-02-23,"117,68",amatitlan,food
503991,carlos  vargas,f,11/02/2026,"295,18",mixco,education
504849,juan paz,m,2026-01-26,"298,10",mixco,services
502585,ana cruz,m,2026-02-21,"396,70",chimaltenango,food
503689,paola molina,f,2026-02-12,400.98,escuintla,services
502162,ricardo rojas,desconocido,2026-02-26,451.61,villa nueva,services
504250,pedro  dominguez,m,2026-01-09,"405,88",chimaltenango,education
500032,fernando solis,f,2026-02-17,desconocido,amatitlan,services
501051,daniel mejia,m,2026-01-20,"456,06",escuintla,services
503903,miguel ruiz,f,2026-01-08,17.98,guatemala,services
500072,valeria ramirez,f,2026-01-09,151.73,desconocido,education
502884,patricia morales,f,2026-02-04,"280,09",chimaltenango,education
504247,monica fuentes,f,07/01/2026,"455,88",guatemala,food
503998,daniel gomez,f,2026-02-14,255.98,escuintla,education
503047,carmen morales,m,31/01/2026,"88,63",quetzaltenango,retail
500568,karla reyes,desconocido,2026-01-20,182.34,amatitlan,education
502697,isabel mendez,m,2026-01-24,189.09,quetzaltenango,education
503460,carlos reyes,f,2026-01-03,"27,92",villa nueva,services
500235,carlos morales,m,01/02/2026,"315,38",escuintla,retail
502053,isabel nunez,m,2026-01-29,"144,72",villa nueva,food
503167,gabriela fuentes,f,2026-01-31,"49,33",amatitlan,retail
500909,patricia ortega,f,16/02/2026,"198,46",antigua,education
504113,laura cruz,m,2026-02-25,"204,79",quetzaltenango,food
500610,juan mazariegos,desconocido,28/01/2026,235.53,chimaltenango,retail
502731,valeria nunez,f,06/01/2026,123.53,villa nueva,services
501258,monica hernandez,desconocido,04/02/2026,"110,30",mixco,retail
503247,andrea  morales,f,07/01/2026,19.05,chimaltenango,education
503915,isabel mendez,f,18/02/2026,"360,08",guatemala,food
501925,patricia hernandez,f,19/01/2026,168.82,chimaltenango,education
504462,monica solis,m,27/02/2026,"174,77",villa nueva,services
503179,kevin molina,f,2026-02-15,"473,77",mixco,retail
500537,carlos alvarez,m,2026-01-03,"264,70",mixco,services
503745,paola mejia,m,2026-01-26,desconocido,antigua,education
503453,valeria mejia,m,2026-01-01,"494,12",villa nueva,services
502405,gabriela herrera,f,2026-02-19,467.47,chimaltenango,education
503078,miguel ortega,m,2026-01-18,166.59,chimaltenango,retail
504871,isabel herrera,m,2026-02-15,283.44,mixco,food
500781,valeria lima,m,13/02/2026,"95,77",escuintla,retail
504613,miguel fuentes,f,2026-01-20,101.29,antigua,services
500311,ana vargas,m,2026-02-10,19.61,villa nueva,retail
503360,monica solis,,2026-01-17,485.24,quetzaltenango,food
501643,sofia  mazariegos,m,14/01/2026,57.20,guatemala,services
501408,carlos flores,f,2026-01-24,"488,74",villa nueva,retail
502887,fernando diaz,f,2026-01-03,"125,41",guatemala,services
500108,karla  reyes,m,03/01/2026,"185,48",guatemala,education
502639,juan soto,m,2026-01-12,143.04,desconocido,food
503864,pablo torres,m,08/02/2026,"266,93",quetzaltenango,services
500117,valeria vargas,f,19/01/2026,386.52,guatemala,education
501938,miguel paz,m,2026-01-28,314.84,antigua,food
502102,isabel dominguez,f,2026-01-17,354.46,escuintla,services
501757,oscar  ruiz,m,2026-01-03,"56,42",villa nueva,retail
504795,luis cruz,f,2026-02-15,"203,91",villa nueva,services
500548,patricia aguilar,f,2026-01-20,"153,94",amatitlan,retail
501277,pablo paz,m,2026-02-12,"348,27",mixco,retail
504513,jose  ortega,f,2026-01-28,"2,36",amatitlan,retail
504880,hector alvarez,f,2026-02-02,29.20,quetzaltenango,services
504135,kevin ortega,f,2026-03-01,454.87,mixco,services
500596,miguel vargas,m,01/02/2026,"287,05",villa nueva,retail
500759,carmen fuentes,m,2026-01-12,58.26,antigua,retail
501675,oscar solis,f,16/02/2026,90.08,amatitlan,education
503528,gustavo herrera,m,2026-01-25,122.95,chimaltenango,retail
502505,kevin ruiz,m,2026-02-25,207.32,escuintla,services
504409,oscar gomez,m,2026-01-23,desconocido,guatemala,food
504491,isabel reyes,m,2026-02-22,176.04,villa nueva,services
504419,fernando cruz,f,2026-01-25,77.03,chimaltenango,retail
503506,daniel gomez,m,2026-01-28,desconocido,amatitlan,food
502072,jose herrera,f,2026-02-21,197.25,desconocido,retail
501719,gustavo dominguez,m,2026-01-12,466.15,quetzaltenango,food
503830,gabriela nunez,m,2026-02-11,246.05,quetzaltenango,food
504239,paola  soto,f,2026-03-01,desconocido,chimaltenango,services
504540,laura torres,f,2026-01-03,"438,72",guatemala,education
503985,jose  flores,f,23/01/2026,57.51,villa nueva,food
504423,gustavo dominguez,f,14/01/2026,desconocido,antigua,services
501607,monica mendez,f,2026-01-11,"31,67",antigua,education
504202,pedro ortega,m,2026-01-11,"217,11",villa nueva,education
500107,fernando  mazariegos,m,2026-01-30,455.90,mixco,education
502735,juan lima,m,2026-02-17,"188,03",antigua,education
502023,miguel fuentes,f,2026-02-22,"204,80",mixco,food
501943,gustavo morales,f,2026-02-01,341.42,amatitlan,education
504271,patricia lima,m,2026-02-07,"229,74",antigua,education
504318,karla soto,f,2026-02-26,168.12,guatemala,education
502934,laura lima,m,2026-02-06,"480,43",amatitlan,services
503380,pablo alvarez,f,18/01/2026,"59,70",guatemala,services
501065,valeria castillo,f,2026-01-08,"107,90",amatitlan,food
503698,andrea  mendez,f,2026-02-12,35.26,guatemala,food
501709,patricia  soto,m,04/01/2026,"392,72",mixco,retail
500340,isabel nunez,f,2026-01-20,"266,65",amatitlan,services
503092,rene  soto,m,2026-01-16,232.83,amatitlan,retail
502640,kevin ruiz,m,2026-01-25,361.64,amatitlan,food
502047,kevin mendez,f,2026-02-21,187.60,amatitlan,education
501000,kevin flores,m,2026-02-17,81.08,escuintla,services
504098,rene aguilar,f,2026-01-28,"366,80",mixco,services
501404,carlos gomez,f,2026-02-04,desconocido,guatemala,services
503562,patricia ruiz,f,11/01/2026,151.70,chimaltenango,education
502428,diana morales,m,2026-02-11,483.79,mixco,services
501928,paola cruz,f,2026-01-12,184.92,amatitlan,education
503806,karla aguilar,f,2026-01-03,373.37,quetzaltenango,services
501980,gabriela morales,f,2026-01-06,"203,16",guatemala,education
501166,hector solis,m,05/02/2026,23.14,antigua,services
502700,diana solis,f,27/01/2026,desconocido,escuintla,retail
503313,fernando rojas,f,2026-02-08,"287,60",antigua,retail
503805,diana cruz,f,2026-01-24,"244,62",chimaltenango,food
503466,gabriela nunez,m,2026-02-22,246.23,villa nueva,food
502610,oscar mendez,m,2026-02-23,216.15,chimaltenango,education
503960,ricardo hernandez,f,2026-02-23,"488,20",amatitlan,services
501635,elena  lopez,f,2026-02-14,394.75,amatitlan,food
501093,isabel perez,f,2026-02-23,"463,51",antigua,food
501679,luis mazariegos,f,2026-01-09,452.62,chimaltenango,services
501218,hector diaz,f,2026-01-14,475.47,guatemala,food
502968,isabel herrera,m,08/01/2026,261.91,guatemala,education
504621,pablo rojas,f,2026-01-11,276.94,guatemala,food
501923,gabriela diaz,f,2026-01-06,"342,31",antigua,food
500855,daniel ruiz,f,11/02/2026,45.22,antigua,education
500237,pablo aguilar,f,14/01/2026,"17,08",chimaltenango,food
500369,valeria torres,f,2026-02-11,"341,01",guatemala,services
504402,diana aguilar,m,23/01/2026,481.40,villa nueva,retail
500634,laura vargas,m,02/01/2026,278.62,villa nueva,retail
504428,andrea perez,f,2026-01-12,"263,50",mixco,retail
503526,diana herrera,f,2026-02-27,304.90,guatemala,food
500105,carlos herrera,f,21/02/2026,346.38,amatitlan,food
500971,patricia  nunez,f,2026-02-11,"325,02",chimaltenango,food
500757,fernando castillo,m,2026-02-06,"363,81",chimaltenango,food
501477,luis reyes,f,2026-02-21,402.25,amatitlan,services
503182,hector flores,f,2026-01-02,desconocido,escuintla,food
504448,monica lopez,f,04/02/2026,desconocido,quetzaltenango,retail
503204,andrea ramirez,f,2026-02-07,164.82,quetzaltenango,food
503553,hector diaz,f,2026-01-16,391.94,antigua,retail
503231,ana ruiz,f,2026-02-03,445.30,escuintla,retail
502357,miguel ortega,m,2026-02-18,"55,32",guatemala,food
500907,elena dominguez,m,2026-01-08,68.67,amatitlan,education
501761,valeria  alvarez,m,2026-01-28,76.82,quetzaltenango,services
500908,gustavo hernandez,m,2026-01-14,313.29,guatemala,education
500058,sofia fuentes,f,22/02/2026,"68,26",,education
504574,miguel fuentes,m,05/01/2026,"292,36",guatemala,retail
500489,pablo lopez,m,11/02/2026,265.17,desconocido,retail
502304,maria torres,m,2026-01-04,"411,55",chimaltenango,retail
500883,fernando cruz,f,2026-01-16,18.45,guatemala,services
504342,isabel lopez,m,2026-01-02,269.46,antigua,education
503754,pedro  reyes,f,04/02/2026,214.66,escuintla,food
504019,valeria diaz,f,04/02/2026,"219,28",quetzaltenango,food
503781,daniel ortega,f,2026-02-09,310.21,escuintla,education
500702,andrea lima,m,25/01/2026,"427,51",quetzaltenango,retail
503472,jose  ruiz,f,22/02/2026,329.97,chimaltenango,education
503177,gabriela castillo,m,01/03/2026,"272,79",quetzaltenango,education
502174,fernando gomez,f,06/02/2026,115.12,antigua,food
501493,carlos ruiz,f,08/01/2026,"7,11",antigua,retail
500575,kevin mazariegos,desconocido,28/01/2026,187.79,quetzaltenango,food
501912,sofia morales,f,2026-01-13,"15,21",guatemala,education
503063,carlos molina,f,17/02/2026,453.12,amatitlan,education
503854,patricia nunez,m,2026-02-24,"176,15",guatemala,food
503891,sofia  castillo,m,2026-02-06,"325,97",guatemala,education
503425,andrea hernandez,f,11/02/2026,405.95,escuintla,retail
504090,luis lima,f,12/01/2026,desconocido,quetzaltenango,food
501609,carmen mejia,f,2026-01-07,"211,68",guatemala,services
500195,carlos  lopez,f,2026-02-04,94.10,antigua,education
502659,pedro nunez,f,2026-01-28,"216,15",quetzaltenango,food
500894,miguel cruz,f,2026-02-26,"351,88",amatitlan,services
504036,patricia ruiz,m,02/01/2026,303.86,mixco,education
503799,isabel vargas,f,08/02/2026,"441,06",antigua,food
504035,valeria  fuentes,f,2026-02-12,"396,94",escuintla,education
503069,diana perez,f,18/02/2026,"444,97",mixco,food
503666,elena fuentes,m,2026-02-17,"38,17",guatemala,education
503054,carmen flores,m,2026-02-21,"343,67",guatemala,retail
500226,luis castillo,f,2026-01-04,250.64,escuintla,education
503936,ricardo ortega,m,2026-01-22,5.90,antigua,services
500803,miguel soto,f,2026-01-03,"366,39",guatemala,education
501652,diana cruz,m,2026-01-10,"460,54",amatitlan,services
504545,carmen gomez,f,2026-01-03,desconocido,chimaltenango,food
501811,oscar cruz,m,24/02/2026,321.89,villa nueva,retail
500062,valeria alvarez,m,29/01/2026,272.02,amatitlan,food
502277,luis gomez,f,2026-02-08,155.73,villa nueva,retail
501448,carlos ramirez,m,2026-02-10,440.44,escuintla,food
502431,oscar lopez,f,2026-02-24,desconocido,quetzaltenango,education
504781,juan castillo,m,2026-02-10,"183,30",quetzaltenango,retail
501194,diana reyes,m,2026-02-12,407.62,villa nueva,retail
501888,miguel ramirez,m,2026-02-19,"254,24",villa nueva,food
500132,juan reyes,f,12/01/2026,361.60,escuintla,retail
504734,sofia alvarez,f,2026-01-17,498.18,escuintla,education
501336,pablo mazariegos,f,2026-01-25,"147,90",guatemala,retail
503464,oscar hernandez,m,2026-02-20,33.90,quetzaltenango,retail
503117,laura dominguez,f,2026-01-11,486.01,antigua,food
504414,monica  dominguez,m,2026-02-03,454.31,escuintla,education
502067,patricia aguilar,m,2026-01-21,378.44,quetzaltenango,retail
501450,elena ramirez,f,2026-02-13,343.43,guatemala,services
502836,laura  gomez,f,2026-02-03,22.98,antigua,services
501127,diana herrera,m,2026-02-12,355.78,quetzaltenango,services
503775,sofia  fuentes,f,18/01/2026,154.22,quetzaltenango,education
503168,gustavo reyes,f,2026-02-19,231.92,villa nueva,services
501952,pedro herrera,m,2026-01-08,398.34,chimaltenango,services
503589,diana soto,m,15/02/2026,5.05,mixco,education
504452,diana lima,m,2026-01-26,"209,64",escuintla,food
501703,kevin cruz,m,2026-01-14,23.89,antigua,food
501144,miguel aguilar,m,2026-01-31,"193,89",chimaltenango,retail
501608,juan diaz,m,06/02/2026,310.94,amatitlan,retail
501349,sofia mazariegos,f,04/02/2026,"43,66",villa nueva,retail
502569,pedro fuentes,m,2026-01-24,"56,08",villa nueva,education
501368,juan perez,f,2026-01-13,"258,52",antigua,education
500710,patricia diaz,m,2026-02-15,"64,17",villa nueva,retail
503897,rene  lima,m,2026-02-13,383.63,villa nueva,food
503753,maria aguilar,m,2026-02-27,249.59,antigua,services
503192,maria  herrera,m,2026-02-26,230.53,antigua,retail
501042,sofia ramirez,f,2026-02-10,192.56,amatitlan,education
501323,paola ramirez,f,2026-02-15,199.84,escuintla,retail
502576,sofia hernandez,m,2026-01-29,340.99,amatitlan,education
500481,juan  aguilar,f,2026-02-14,"210,78",amatitlan,services
504333,sofia ortega,m,11/02/2026,461.26,escuintla,retail
502975,jose lima,m,2026-02-24,129.50,chimaltenango,services
503564,carmen dominguez,m,28/01/2026,311.04,antigua,education
504110,pablo  molina,f,2026-01-19,334.69,antigua,retail
502115,miguel  perez,f,2026-01-29,44.92,quetzaltenango,retail
502075,sofia ramirez,m,2026-02-13,54.17,villa nueva,food
501088,fernando dominguez,f,29/01/2026,2.28,guatemala,services
500791,jose mendez,f,2026-01-03,"308,34",chimaltenango,services
501490,rene torres,f,2026-02-08,desconocido,amatitlan,food
503703,luis mazariegos,,01/01/2026,"28,19",escuintla,retail
503246,paola ortega,m,2026-02-28,71.84,chimaltenango,retail
503467,kevin diaz,m,2026-01-30,"138,71",antigua,education
500457,luis dominguez,f,2026-01-18,desconocido,villa nueva,education
503766,maria mazariegos,m,2026-02-24,"84,90",quetzaltenango,retail
501019,oscar molina,f,2026-01-12,280.86,quetzaltenango,retail
500862,pedro  reyes,f,2026-02-06,"330,03",escuintla,services
502068,juan herrera,m,2026-01-21,52.88,escuintla,education
502255,hector perez,f,2026-01-14,"148,47",antigua,food
500760,ricardo mazariegos,m,2026-01-14,"322,87",chimaltenango,services
501237,andrea mendez,m,2026-01-25,438.81,chimaltenango,education
504078,juan  soto,m,12/02/2026,236.83,quetzaltenango,services
502905,carmen  nunez,m,2026-01-12,127.88,desconocido,education
502120,hector molina,f,2026-02-03,"251,47",quetzaltenango,education
502311,miguel  gomez,f,2026-02-12,168.36,guatemala,services
500799,oscar ruiz,f,2026-01-14,"320,75",antigua,education
503132,andrea  cruz,f,2026-01-11,"458,40",escuintla,food
504159,isabel morales,f,01/02/2026,"185,28",desconocido,education
500686,carlos lopez,f,23/02/2026,187.64,amatitlan,retail
502417,paola  lima,f,2026-02-23,desconocido,mixco,services
501340,karla lopez,f,2026-01-17,desconocido,amatitlan,food
503512,daniel torres,m,26/02/2026,"119,86",mixco,retail
501489,rene gomez,m,2026-01-31,"48,74",quetzaltenango,retail
502523,daniel morales,f,2026-02-08,311.39,antigua,retail
503176,paola paz,m,25/01/2026,"72,91",escuintla,food
502806,oscar cruz,f,20/01/2026,"464,63",antigua,retail
502081,gustavo herrera,f,2026-02-12,117.17,chimaltenango,food
504197,pablo soto,m,2026-02-04,98.31,amatitlan,food
502358,ana mazariegos,m,07/02/2026,46.24,quetzaltenango,education
501915,jose solis,m,2026-01-06,"237,85",villa nueva,education
503038,carmen  gomez,f,2026-01-23,14.04,quetzaltenango,services
504831,ana mazariegos,m,2026-02-19,381.04,mixco,retail
504472,maria ramirez,f,2026-02-01,"116,22",amatitlan,education
501328,ricardo gomez,f,2026-01-21,415.95,chimaltenango,services
502611,elena fuentes,m,2026-02-04,"156,87",escuintla,food
503411,elena castillo,f,2026-01-23,"465,96",chimaltenango,food
500146,pedro  mejia,desconocido,06/01/2026,409.07,antigua,retail
503137,luis hernandez,desconocido,27/01/2026,81.87,guatemala,retail
504101,juan fuentes,f,2026-01-14,360.16,amatitlan,services
504351,jose vargas,m,2026-01-10,"479,61",villa nueva,education
502756,ricardo  fuentes,m,2026-01-24,1.25,amatitlan,services
504143,andrea  ramirez,m,2026-01-24,38.95,villa nueva,food
502857,gabriela  solis,m,2026-01-22,"303,63",amatitlan,services
504243,ana mejia,m,2026-02-20,desconocido,antigua,services
502719,sofia vargas,f,14/02/2026,455.30,chimaltenango,retail
501417,ana ruiz,f,2026-01-22,"95,07",amatitlan,retail
502276,isabel mendez,m,2026-01-08,desconocido,villa nueva,food
500121,miguel herrera,m,30/01/2026,"6,28",mixco,food
501714,patricia lopez,f,01/02/2026,"409,91",quetzaltenango,food
503451,pedro vargas,f,2026-02-13,232.97,antigua,food
503635,ricardo ruiz,m,2026-01-03,"190,86",chimaltenango,retail
503071,hector dominguez,m,20/01/2026,239.35,guatemala,retail
503899,jose ramirez,f,2026-01-02,370.33,mixco,services
504591,juan lopez,f,2026-01-30,desconocido,villa nueva,food
504651,oscar soto,f,2026-01-13,"169,40",quetzaltenango,food
500539,paola  alvarez,m,2026-01-04,196.01,mixco,food
500517,gabriela herrera,f,2026-02-22,"481,80",escuintla,education
501034,carlos cruz,m,2026-02-10,"97,92",amatitlan,retail
503935,patricia reyes,m,2026-01-24,"112,92",guatemala,retail
500943,carmen torres,f,2026-01-22,desconocido,antigua,education
500104,diana rojas,m,2026-02-11,"58,70",villa nueva,retail
502508,hector mazariegos,f,2026-02-21,447.67,amatitlan,retail
502251,luis nunez,f,2026-02-12,"493,34",guatemala,education
504404,diana ramirez,f,2026-01-29,"305,16",antigua,education
504080,fernando mejia,f,2026-01-20,64.72,mixco,food
502724,daniel nunez,m,2026-01-14,400.95,guatemala,services
501313,patricia mazariegos,f,21/01/2026,"59,53",mixco,services
503202,valeria herrera,m,01/01/2026,157.09,mixco,food
502469,patricia ortega,m,2026-02-06,277.85,chimaltenango,education
500096,monica fuentes,f,02/01/2026,182.09,mixco,retail
503025,carmen dominguez,f,2026-02-04,"307,74",,services
504194,andrea solis,desconocido,2026-01-09,"391,14",quetzaltenango,services
501681,patricia rojas,m,2026-01-26,43.28,amatitlan,food
501406,hector aguilar,f,2026-02-06,178.46,quetzaltenango,education
500868,gustavo mendez,m,2026-01-31,275.13,amatitlan,retail
503555,monica  diaz,f,2026-02-11,458.99,amatitlan,education
504857,elena hernandez,m,2026-01-07,"197,89",,food
503217,valeria fuentes,f,23/02/2026,345.11,villa nueva,education
503986,miguel  ruiz,m,2026-02-24,"471,68",antigua,education
502359,patricia  dominguez,m,2026-03-01,274.92,villa nueva,services
503984,kevin lima,m,18/01/2026,"215,26",villa nueva,services
504587,carlos hernandez,m,08/01/2026,desconocido,quetzaltenango,food
503841,ricardo ruiz,f,24/01/2026,desconocido,escuintla,food
501010,carmen flores,m,2026-02-28,95.49,escuintla,education
503905,sofia diaz,f,10/02/2026,"228,11",quetzaltenango,services
501064,paola gomez,f,2026-02-12,194.81,guatemala,education
503116,pablo reyes,m,07/01/2026,67.36,villa nueva,services
500731,pedro lima,f,14/02/2026,desconocido,guatemala,retail
504647,pedro ruiz,m,19/02/2026,199.52,guatemala,food
504652,rene flores,f,2026-01-01,"208,13",quetzaltenango,food
500290,elena  ramirez,f,2026-02-13,6.17,desconocido,education
502966,miguel mendez,m,2026-02-12,21.80,villa nueva,education
501147,pablo  cruz,m,2026-01-16,342.06,mixco,retail
500529,miguel  mejia,f,13/01/2026,456.71,desconocido,services
502292,pedro ramirez,m,2026-01-24,desconocido,amatitlan,education
500594,gustavo vargas,m,2026-01-29,desconocido,guatemala,education
502287,sofia gomez,f,2026-02-03,"474,46",escuintla,retail
500411,elena mejia,f,2026-01-16,"272,74",escuintla,food
501469,paola solis,f,2026-02-09,"425,65",mixco,retail
504718,isabel ramirez,m,2026-02-03,"430,67",amatitlan,retail
504327,andrea vargas,f,2026-02-20,"298,96",escuintla,education
500587,juan perez,m,2026-02-01,13.57,villa nueva,retail
504075,isabel diaz,f,2026-02-02,"409,84",mixco,food
500972,carmen rojas,f,2026-01-20,"128,95",guatemala,food
502411,sofia gomez,f,2026-01-26,"78,65",chimaltenango,education
500626,luis paz,f,2026-02-01,"43,31",mixco,food
500447,sofia perez,m,2026-02-17,desconocido,chimaltenango,retail
500308,karla mejia,m,18/01/2026,276.31,quetzaltenango,food
500352,gabriela morales,f,2026-02-08,165.47,chimaltenango,education
500705,kevin soto,f,04/01/2026,325.81,mixco,food
501913,laura lopez,f,07/02/2026,"357,79",guatemala,education
502608,ricardo vargas,f,2026-01-12,"298,77",amatitlan,retail
501412,fernando  solis,m,2026-01-31,453.92,amatitlan,retail
501466,elena lima,m,2026-01-08,"248,96",villa nueva,food
502103,maria herrera,m,2026-01-25,"257,19",chimaltenango,education
503301,gustavo perez,m,2026-02-07,"487,97",quetzaltenango,retail
500586,gustavo  alvarez,m,2026-02-24,"241,07",antigua,food
502712,elena dominguez,m,08/02/2026,"423,09",chimaltenango,education
500753,kevin solis,f,2026-02-07,474.31,chimaltenango,services
501339,sofia aguilar,m,2026-02-27,"75,73",mixco,services
500712,juan alvarez,f,2026-01-05,"440,59",escuintla,retail
503227,karla perez,m,2026-01-18,358.04,quetzaltenango,retail
500832,hector  vargas,f,2026-01-28,"393,26",antigua,food
502954,miguel mendez,f,2026-01-28,114.42,chimaltenango,services
502681,valeria  mejia,f,2026-02-07,347.62,quetzaltenango,food
500149,karla cruz,m,2026-01-22,"485,32",mixco,services
504667,pablo  diaz,m,2026-02-28,desconocido,amatitlan,retail
500957,paola  diaz,m,29/01/2026,102.35,chimaltenango,food
501655,gabriela paz,m,18/02/2026,167.77,antigua,retail
503269,pablo  diaz,f,2026-02-17,339.89,villa nueva,food
501629,juan nunez,f,2026-01-24,desconocido,villa nueva,education
501897,juan nunez,desconocido,2026-01-26,desconocido,guatemala,services
501929,rene nunez,f,04/02/2026,79.40,amatitlan,retail
500361,karla lopez,f,2026-02-22,"35,46",antigua,education
503197,diana ramirez,m,2026-01-16,16.83,amatitlan,education
502430,daniel vargas,m,2026-02-14,431.43,desconocido,food
502877,laura fuentes,f,2026-02-06,"377,97",quetzaltenango,education
503729,isabel lopez,f,28/01/2026,"141,26",mixco,food
503793,pablo reyes,f,2026-02-01,301.65,villa nueva,education
504633,daniel alvarez,f,2026-01-10,desconocido,desconocido,food
502499,hector diaz,f,29/01/2026,245.59,amatitlan,services
502488,pablo dominguez,m,2026-02-27,"252,94",antigua,education
500144,miguel ramirez,m,2026-01-12,"274,15",antigua,services
500547,rene  morales,f,2026-01-12,"121,26",escuintla,education
504025,gabriela ruiz,m,2026-02-28,"465,73",mixco,services
501171,ana lima,f,2026-02-01,"413,33",mixco,retail
502948,pedro soto,m,21/02/2026,"131,01",mixco,services
504552,patricia molina,f,2026-01-18,266.72,escuintla,retail
502240,carmen  ramirez,m,2026-02-12,"275,94",chimaltenango,retail
504416,carlos  lopez,m,2026-01-17,345.93,guatemala,education
502226,ana lima,m,2026-01-12,294.14,guatemala,education
500592,pedro perez,f,2026-02-17,"413,22",quetzaltenango,services
503890,andrea perez,f,2026-02-24,329.74,escuintla,services
500155,fernando solis,f,2026-01-18,270.69,quetzaltenango,retail
502747,rene alvarez,f,2026-01-07,"225,46",mixco,retail
501307,daniel hernandez,m,16/01/2026,"239,74",villa nueva,retail
500372,maria alvarez,f,2026-02-11,0.39,quetzaltenango,services
503957,oscar soto,f,02/02/2026,353.34,quetzaltenango,services
503419,valeria  nunez,m,2026-01-30,287.67,antigua,food
504017,rene mejia,f,22/01/2026,292.55,guatemala,retail
501024,miguel vargas,f,2026-01-27,"22,01",escuintla,retail
501795,juan perez,f,04/01/2026,"32,24",antigua,services
501884,ana gomez,f,2026-01-26,"282,54",chimaltenango,education
502177,pablo ortega,m,02/01/2026,494.81,villa nueva,food
500740,pedro  soto,m,2026-01-08,340.98,quetzaltenango,food
503844,andrea mendez,m,2026-02-16,"468,08",villa nueva,food
501961,paola molina,m,2026-02-11,"364,03",amatitlan,services
502765,juan dominguez,m,2026-02-23,2.80,chimaltenango,education
502403,maria  rojas,f,2026-01-23,82.58,antigua,education
503816,daniel diaz,m,2026-02-12,"395,29",villa nueva,education
501356,monica ramirez,f,2026-02-11,438.96,quetzaltenango,food
503267,carlos  ruiz,m,04/01/2026,104.31,guatemala,retail
501705,rene fuentes,f,2026-02-27,"176,45",villa nueva,food
504184,pedro  cruz,m,06/01/2026,435.76,quetzaltenango,retail
503829,luis solis,m,2026-02-21,393.51,guatemala,food
502135,miguel mendez,f,2026-02-12,desconocido,escuintla,services
501418,gustavo herrera,f,06/02/2026,desconocido,chimaltenango,education
504218,fernando mazariegos,f,2026-01-15,"178,98",villa nueva,services
502520,miguel mejia,f,2026-02-26,"448,14",guatemala,services
504058,patricia  soto,m,2026-01-01,"287,09",escuintla,retail
504564,karla dominguez,m,23/01/2026,387.10,antigua,food
502112,luis reyes,m,07/01/2026,"367,09",amatitlan,services
504018,gabriela  flores,m,2026-01-17,desconocido,villa nueva,food
502711,valeria castillo,f,23/02/2026,"343,22",quetzaltenango,retail
502777,miguel mejia,m,2026-03-01,277.94,mixco,education
504710,diana torres,f,2026-01-15,52.33,,services
501129,laura mazariegos,m,2026-01-08,"412,69",escuintla,retail
501436,maria hernandez,m,2026-01-15,491.07,amatitlan,food
502780,valeria ramirez,m,2026-02-25,232.70,guatemala,retail
504417,valeria paz,f,29/01/2026,"351,48",amatitlan,food
501594,oscar reyes,f,05/01/2026,"489,52",escuintla,services
503343,diana fuentes,f,06/01/2026,"6,97",escuintla,food
501948,fernando solis,f,18/01/2026,289.64,antigua,retail
503376,sofia mejia,m,2026-02-20,393.72,mixco,education
504457,fernando alvarez,m,11/02/2026,desconocido,antigua,food
502468,valeria paz,m,14/02/2026,140.36,antigua,food
500135,sofia diaz,m,2026-01-09,"153,59",antigua,food
501470,kevin lopez,f,2026-02-14,93.46,amatitlan,food
500776,daniel soto,m,2026-02-12,"367,73",villa nueva,education
502497,juan  paz,f,2026-02-14,108.02,quetzaltenango,services
500564,hector castillo,f,2026-02-26,424.24,guatemala,retail
500110,ana aguilar,m,20/02/2026,2.10,amatitlan,food
504790,oscar castillo,f,05/02/2026,342.70,quetzaltenango,food
504469,luis vargas,desconocido,26/01/2026,196.89,antigua,retail
504527,carmen  dominguez,m,29/01/2026,"284,63",mixco,services
501568,carmen  herrera,m,2026-02-03,"483,01",villa nueva,services
502750,miguel  diaz,m,2026-01-26,"422,51",amatitlan,services
502510,gustavo lima,f,2026-01-29,5.91,amatitlan,retail
502037,andrea dominguez,m,2026-02-21,423.78,quetzaltenango,retail
501581,sofia ruiz,m,2026-01-11,302.87,guatemala,food
501941,fernando herrera,m,2026-02-07,"388,10",chimaltenango,food
503823,carlos morales,m,2026-01-30,7.89,,services
500203,carmen soto,f,09/02/2026,342.38,amatitlan,retail
502264,kevin nunez,f,2026-02-11,293.43,villa nueva,services
500425,oscar  nunez,f,2026-02-21,"494,36",amatitlan,food
504567,valeria fuentes,f,2026-01-28,21.67,amatitlan,food
500193,andrea molina,f,2026-02-22,"145,39",desconocido,food
501198,diana mendez,m,2026-01-27,"294,39",quetzaltenango,services
501890,valeria  ortega,m,2026-02-15,400.18,amatitlan,food
503139,oscar nunez,m,2026-01-07,"303,02",desconocido,retail
500520,gabriela paz,f,09/02/2026,"90,50",mixco,food
504512,karla alvarez,m,2026-02-17,469.89,guatemala,food
502992,hector cruz,m,2026-02-13,"115,02",escuintla,education
503912,gabriela soto,m,08/01/2026,482.40,escuintla,retail
501847,gabriela molina,f,2026-02-02,429.28,quetzaltenango,services
504253,gabriela ruiz,m,2026-01-21,"477,03",escuintla,services
502433,laura fuentes,f,2026-01-31,384.12,antigua,retail
500559,isabel morales,f,2026-01-15,desconocido,villa nueva,retail
500709,valeria flores,m,09/01/2026,"43,22",chimaltenango,services
502477,daniel hernandez,f,04/01/2026,desconocido,chimaltenango,food
503481,juan flores,m,13/02/2026,"299,02",villa nueva,food
500038,miguel ramirez,m,2026-02-19,desconocido,mixco,education
500426,maria molina,f,2026-01-31,374.09,antigua,education
502484,ana mazariegos,m,2026-02-12,desconocido,amatitlan,retail
502214,monica flores,f,03/02/2026,"302,56",guatemala,food
501197,hector molina,m,2026-01-10,"151,25",guatemala,services
502644,patricia  hernandez,m,2026-01-21,375.51,antigua,services
503507,paola rojas,f,2026-01-21,"235,32",amatitlan,education
502290,ricardo lima,m,2026-01-23,163.04,quetzaltenango,food
503278,ricardo solis,m,2026-02-24,"41,19",antigua,education
500109,carmen torres,m,2026-01-12,222.59,villa nueva,food
503412,andrea cruz,f,2026-02-10,"372,07",chimaltenango,food
500498,laura mejia,f,2026-02-22,desconocido,mixco,retail
503812,juan gomez,m,2026-02-04,"135,85",chimaltenango,services
501589,gustavo  rojas,m,03/02/2026,397.22,guatemala,food
503118,luis paz,m,2026-02-23,"471,03",antigua,services
502307,patricia gomez,m,2026-02-13,"162,11",guatemala,services
502211,laura alvarez,f,30/01/2026,148.84,guatemala,services
503963,monica herrera,f,2026-02-28,"138,10",amatitlan,services
501813,karla molina,f,02/01/2026,415.26,escuintla,services
501604,pedro hernandez,f,2026-02-26,"391,90",villa nueva,education
502776,isabel alvarez,m,2026-01-10,"241,71",amatitlan,retail
503000,jose  rojas,f,04/01/2026,desconocido,escuintla,food
501050,paola mazariegos,f,2026-01-09,358.49,villa nueva,retail
501982,gustavo alvarez,m,2026-02-15,478.89,chimaltenango,retail
502741,monica torres,m,28/01/2026,197.56,,food
501605,patricia lima,f,14/02/2026,"147,21",antigua,retail
503023,patricia hernandez,m,2026-01-25,desconocido,villa nueva,retail
500246,pablo hernandez,m,03/02/2026,430.65,antigua,retail
500734,pablo alvarez,m,15/01/2026,391.26,quetzaltenango,retail
500764,monica  gomez,m,17/01/2026,"449,31",amatitlan,services
500281,gabriela  lima,f,2026-01-30,desconocido,escuintla,food
501209,pablo molina,m,08/02/2026,"487,72",escuintla,education
500254,maria hernandez,m,2026-01-22,desconocido,antigua,retail
500550,elena ortega,f,2026-02-11,"291,65",quetzaltenango,education
502852,isabel  dominguez,m,19/01/2026,461.13,guatemala,services
501250,hector dominguez,m,2026-02-10,"163,09",quetzaltenango,retail
501462,laura herrera,f,2026-02-18,473.64,amatitlan,services
502897,sofia mendez,m,14/01/2026,34.19,mixco,food
501759,jose soto,m,2026-02-09,206.45,guatemala,education
501223,rene soto,m,2026-02-03,"207,57",mixco,retail
501642,ana mendez,m,2026-02-05,50.71,guatemala,education
504784,pedro aguilar,f,14/01/2026,14.60,chimaltenango,education
500394,patricia lopez,f,30/01/2026,"139,67",antigua,services
504645,kevin reyes,m,2026-02-02,344.45,mixco,food
503461,hector herrera,m,2026-02-04,261.96,antigua,food
500387,jose diaz,m,2026-02-21,"225,44",chimaltenango,retail
503053,maria herrera,f,2026-02-28,"491,11",antigua,services
500772,fernando  mejia,f,18/01/2026,desconocido,chimaltenango,education
500829,sofia alvarez,f,2026-01-09,"136,36",guatemala,education
500182,andrea  alvarez,f,2026-01-15,"303,45",escuintla,retail
503144,gabriela mazariegos,m,2026-02-08,desconocido,villa nueva,services
501474,miguel rojas,m,2026-01-20,"112,86",villa nueva,food
504632,ana mazariegos,m,2026-01-11,303.67,amatitlan,retail
503165,patricia hernandez,m,17/01/2026,desconocido,escuintla,food
504151,daniel rojas,m,2026-01-06,"342,24",escuintla,retail
501440,carmen mazariegos,f,2026-02-02,351.62,chimaltenango,food
503950,kevin ramirez,f,2026-01-02,230.31,amatitlan,education
500420,carmen vargas,m,2026-02-01,"96,80",antigua,retail
500669,monica morales,m,15/02/2026,"131,49",guatemala,food
501771,gabriela  dominguez,f,09/01/2026,"125,92",mixco,education
502633,diana mejia,f,2026-01-14,"396,98",chimaltenango,food
501003,miguel gomez,f,2026-01-10,307.28,mixco,services
504229,gabriela lopez,f,2026-01-04,11.97,chimaltenango,retail
503902,sofia flores,m,06/01/2026,164.08,antigua,services
501917,oscar  mendez,m,17/01/2026,"286,20",escuintla,food
503357,pedro ortega,m,14/02/2026,desconocido,chimaltenango,education
501319,karla rojas,f,17/02/2026,251.25,guatemala,services
501548,oscar morales,f,2026-02-02,234.04,amatitlan,food
503034,rene ortega,m,2026-01-30,"389,52",escuintla,education
503405,hector aguilar,m,27/01/2026,140.04,escuintla,food
500573,oscar  ortega,f,03/02/2026,"57,96",amatitlan,retail
502714,monica morales,f,06/01/2026,"19,51",escuintla,education
501787,miguel solis,m,06/01/2026,desconocido,escuintla,services
500741,carmen flores,m,2026-02-23,"316,32",amatitlan,retail
503508,kevin castillo,f,2026-01-13,"250,94",villa nueva,food
500278,paola solis,desconocido,18/02/2026,desconocido,quetzaltenango,education
504139,andrea  solis,f,27/01/2026,"17,38",escuintla,services
502599,fernando soto,,23/02/2026,95.44,chimaltenango,education
501687,oscar molina,f,2026-01-28,117.45,escuintla,services
501532,daniel  cruz,f,19/02/2026,"107,19",mixco,retail
503654,diana mejia,m,2026-02-06,445.62,quetzaltenango,education
502638,juan fuentes,m,2026-01-16,455.35,,retail
503064,elena dominguez,f,2026-02-17,desconocido,antigua,education
504273,patricia vargas,f,2026-02-09,"125,89",amatitlan,services
502340,daniel nunez,f,2026-01-09,desconocido,villa nueva,retail
504123,patricia fuentes,f,2026-03-01,"210,39",amatitlan,education
504839,laura paz,f,2026-02-21,328.05,chimaltenango,food
501889,isabel gomez,m,02/01/2026,"68,44",quetzaltenango,retail
504069,kevin soto,f,14/02/2026,"224,67",quetzaltenango,services
500378,rene flores,m,2026-02-16,140.10,quetzaltenango,education
504550,jose aguilar,m,2026-02-25,182.88,amatitlan,education
501184,patricia hernandez,f,27/01/2026,"174,31",chimaltenango,services
500635,maria gomez,f,2026-02-28,desconocido,chimaltenango,services
503104,elena alvarez,m,03/02/2026,desconocido,amatitlan,retail
503331,kevin dominguez,f,2026-01-16,"4,54",amatitlan,retail
500667,monica castillo,f,06/02/2026,350.57,quetzaltenango,retail
503245,isabel fuentes,f,2026-02-11,desconocido,guatemala,education
501577,isabel  gomez,m,2026-02-17,"483,63",antigua,food
503680,pablo torres,f,2026-02-18,389.67,villa nueva,food
502630,rene mazariegos,m,2026-02-28,"447,56",antigua,retail
501885,gabriela  paz,f,02/01/2026,254.45,desconocido,food
501622,jose diaz,m,2026-02-05,288.29,quetzaltenango,food
500659,luis ruiz,f,12/02/2026,484.39,villa nueva,retail
501891,kevin perez,m,03/01/2026,256.82,antigua,services
500080,gustavo alvarez,m,2026-01-14,39.82,guatemala,food
502953,ricardo reyes,m,2026-01-27,"392,85",antigua,retail
500076,gabriela torres,f,13/01/2026,desconocido,escuintla,retail
503911,rene lima,m,2026-01-14,34.00,villa nueva,services
501030,daniel castillo,m,2026-02-05,390.53,villa nueva,food
504060,ricardo  morales,m,2026-02-16,"395,94",mixco,food
502347,pablo fuentes,f,2026-01-13,458.14,desconocido,food
500916,ricardo aguilar,m,2026-02-24,"61,11",mixco,food
501968,fernando fuentes,m,2026-01-15,"279,95",villa nueva,food
504601,gustavo gomez,m,2026-02-12,321.85,guatemala,food
503016,hector gomez,f,13/01/2026,"279,82",escuintla,food
501399,pedro paz,f,2026-02-08,379.45,antigua,retail
503489,paola perez,m,12/02/2026,"171,11",quetzaltenango,education
502271,hector reyes,f,2026-02-22,375.64,escuintla,education
503009,miguel perez,m,2026-01-09,463.62,guatemala,services
501902,maria perez,m,2026-02-25,403.05,escuintla,food
504287,pablo ortega,m,30/01/2026,191.18,mixco,food
502941,patricia ruiz,f,2026-02-04,121.01,villa nueva,food
504521,elena mendez,f,11/02/2026,"373,88",amatitlan,education
504609,fernando mazariegos,m,2026-01-16,"332,04",quetzaltenango,education
503647,gabriela alvarez,f,05/01/2026,281.81,quetzaltenango,education
501169,gustavo rojas,m,2026-02-08,"476,44",escuintla,services
502544,juan mendez,m,21/01/2026,"96,97",guatemala,retail
504344,diana aguilar,f,2026-02-23,197.70,mixco,education
503369,carlos  hernandez,f,2026-01-04,398.16,mixco,retail
501180,carlos mendez,f,2026-01-01,"190,59",amatitlan,services
503828,karla  solis,f,2026-01-24,287.08,escuintla,retail
501994,fernando flores,f,2026-02-15,305.06,guatemala,food
501746,pablo  gomez,m,2026-02-08,"452,39",antigua,retail
502581,andrea perez,m,2026-02-19,"434,79",chimaltenango,retail
503577,elena soto,f,2026-01-10,"405,77",mixco,food
502706,hector mejia,f,2026-02-11,292.49,amatitlan,retail
501553,valeria  gomez,f,17/02/2026,"77,98",amatitlan,food
503622,fernando ruiz,f,08/01/2026,"390,47",guatemala,services
503207,ricardo dominguez,f,2026-02-07,261.87,mixco,education
504653,maria torres,m,2026-02-15,80.26,chimaltenango,food
504254,rene morales,f,2026-01-22,"450,80",mixco,services
502344,maria soto,m,02/01/2026,337.02,quetzaltenango,food
500323,sofia solis,m,2026-01-08,"167,49",,food
500784,ricardo vargas,f,11/01/2026,"25,41",escuintla,services
501954,andrea morales,f,2026-01-20,79.88,chimaltenango,services
500744,juan lima,m,2026-01-13,"428,80",quetzaltenango,education
500328,carlos cruz,f,03/02/2026,"498,95",quetzaltenango,food
500767,kevin molina,m,2026-01-15,"257,31",antigua,education
504705,gustavo molina,f,2026-02-23,60.42,chimaltenango,retail
500046,gustavo ortega,f,2026-02-03,"163,52",quetzaltenango,retail
504451,rene rojas,m,2026-01-29,174.68,villa nueva,retail
503487,laura reyes,m,2026-02-05,"186,39",mixco,services
501052,diana  reyes,f,2026-02-23,379.67,escuintla,retail
502293,patricia  ortega,f,2026-02-22,desconocido,antigua,education
501545,gabriela alvarez,m,2026-01-18,145.57,quetzaltenango,education
503354,carmen  rojas,m,20/01/2026,"26,47",guatemala,food
500789,monica ramirez,f,2026-01-13,"219,20",quetzaltenango,food
504177,fernando castillo,f,05/02/2026,485.05,villa nueva,food
501430,daniel lima,f,2026-01-14,51.81,chimaltenango,food
501991,gabriela reyes,m,2026-02-18,66.93,guatemala,services
502912,juan flores,f,2026-01-17,"447,73",villa nueva,food
503544,maria cruz,f,01/02/2026,"99,62",mixco,services
501244,diana  mendez,m,05/01/2026,"7,72",amatitlan,education
503130,patricia dominguez,m,2026-01-28,"222,90",amatitlan,services
500011,gabriela  dominguez,f,2026-01-25,"354,39",amatitlan,education
500122,rene lopez,f,2026-01-02,87.19,antigua,education
502933,gustavo  dominguez,m,2026-01-02,421.64,chimaltenango,retail
502660,pablo solis,m,2026-01-08,"208,19",antigua,services
503385,carlos gomez,f,2026-01-06,"329,34",quetzaltenango,education
500724,sofia  dominguez,m,2026-01-25,68.42,quetzaltenango,retail
501899,luis  alvarez,m,2026-01-26,105.52,villa nueva,education
503561,maria  perez,f,24/02/2026,200.34,chimaltenango,education
502922,ana fuentes,m,2026-02-26,"154,84",mixco,services
501289,patricia mendez,m,2026-01-21,394.03,villa nueva,education
501252,miguel rojas,f,2026-01-06,322.61,guatemala,services
502876,rene cruz,f,2026-01-10,"367,28",villa nueva,education
501872,laura nunez,m,2026-02-04,"414,49",antigua,services
502871,luis ramirez,f,2026-01-15,"498,26",escuintla,retail
500852,luis alvarez,f,2026-02-27,402.50,antigua,food
501641,gustavo morales,f,2026-02-08,28.93,quetzaltenango,food
501247,juan fuentes,m,17/02/2026,"310,27",guatemala,services
502947,kevin lima,m,2026-01-17,279.05,antigua,services
501283,isabel flores,f,2026-02-09,350.43,desconocido,retail
501322,fernando mendez,f,07/01/2026,"285,66",chimaltenango,retail
502259,jose  dominguez,f,19/01/2026,35.27,villa nueva,services
503671,monica mazariegos,f,2026-02-15,"22,82",quetzaltenango,retail
503811,carmen paz,m,18/02/2026,"416,65",escuintla,retail
502693,ana reyes,f,2026-01-21,83.04,quetzaltenango,food
500773,sofia paz,m,2026-01-20,"428,68",antigua,food
500627,carmen hernandez,m,2026-01-21,desconocido,desconocido,retail
504214,carlos cruz,m,16/01/2026,"473,56",guatemala,retail
504860,hector ruiz,f,31/01/2026,"441,44",antigua,retail
501156,oscar cruz,m,2026-02-27,"212,48",guatemala,services
504190,maria alvarez,m,20/01/2026,"103,87",antigua,retail
500148,monica  mazariegos,f,2026-01-02,"192,08",desconocido,food
500518,luis  ramirez,m,2026-01-06,"245,59",mixco,food
504255,luis paz,f,2026-01-01,175.17,amatitlan,education
504778,ana  castillo,m,2026-02-06,"149,31",antigua,services
504338,diana aguilar,m,2026-01-29,desconocido,chimaltenango,education
501926,valeria ramirez,m,2026-02-04,desconocido,mixco,food
504816,miguel cruz,m,12/01/2026,91.30,amatitlan,retail
500438,gustavo mejia,m,2026-02-28,"305,65",guatemala,food
504185,kevin herrera,f,2026-02-13,"186,84",escuintla,education
502414,gustavo  castillo,f,2026-02-28,398.60,quetzaltenango,education
502425,sofia morales,m,2026-02-19,314.27,antigua,education
502333,hector lima,m,2026-01-29,"218,57",desconocido,food
500143,gustavo  nunez,f,2026-02-01,"71,70",escuintla,services
500664,pedro  flores,m,2026-01-20,"479,97",guatemala,services
502982,hector ortega,m,2026-01-09,"333,66",chimaltenango,retail
500706,ana soto,f,2026-01-27,"256,42",guatemala,services
503750,andrea flores,f,24/01/2026,480.70,amatitlan,retail
502108,valeria nunez,f,2026-02-20,"92,65",escuintla,retail
504170,elena torres,f,08/01/2026,"402,65",amatitlan,food
504497,patricia molina,m,2026-01-10,desconocido,amatitlan,retail
504033,rene solis,m,25/01/2026,373.99,villa nueva,retail
502913,laura solis,m,2026-02-12,291.04,villa nueva,education
501231,gabriela perez,f,07/02/2026,"403,43",escuintla,education
502936,elena mendez,f,2026-01-04,"477,04",escuintla,education
502961,sofia torres,m,2026-02-26,"357,61",guatemala,education
501400,fernando lopez,m,2026-01-24,"350,25",escuintla,retail
502173,laura cruz,f,01/03/2026,481.22,amatitlan,education
502452,kevin flores,m,22/01/2026,9.37,quetzaltenango,services
500225,valeria ruiz,f,15/02/2026,"336,82",quetzaltenango,retail
503688,valeria gomez,m,2026-02-01,11.61,chimaltenango,education
501500,juan diaz,f,24/01/2026,"322,02",amatitlan,services
500213,monica molina,f,2026-01-05,103.20,guatemala,services
501178,gabriela mejia,f,2026-01-28,desconocido,antigua,retail
500851,oscar soto,m,2026-01-17,"192,98",amatitlan,education
501708,kevin rojas,m,2026-01-27,"79,82",antigua,education
501661,jose vargas,f,08/01/2026,207.78,mixco,education
502458,rene dominguez,m,2026-01-27,desconocido,quetzaltenango,food
503983,gustavo molina,m,2026-02-04,429.94,desconocido,services
502532,jose hernandez,m,08/01/2026,desconocido,villa nueva,retail
503511,ricardo alvarez,m,2026-01-12,"346,25",antigua,retail
503748,gustavo lima,f,04/02/2026,379.32,villa nueva,services
500563,andrea alvarez,m,2026-01-14,"498,59",guatemala,food
504381,laura perez,m,11/01/2026,"116,28",escuintla,retail
504163,patricia reyes,f,2026-02-20,310.78,mixco,services
502889,hector castillo,f,03/01/2026,296.78,escuintla,services
501048,kevin flores,m,2026-02-18,"352,78",chimaltenango,services
502232,oscar ramirez,f,31/01/2026,411.60,amatitlan,services
501122,carmen rojas,m,2026-02-14,"460,87",antigua,food
501327,ana vargas,f,2026-01-05,"258,13",antigua,food
502842,oscar rojas,m,2026-01-05,desconocido,escuintla,education
500313,karla nunez,m,2026-01-03,184.23,villa nueva,food
504495,gustavo hernandez,f,2026-02-22,"487,07",villa nueva,education
504518,monica paz,m,25/02/2026,"313,65",amatitlan,retail
503340,karla cruz,f,16/02/2026,392.51,guatemala,retail
501819,luis  herrera,m,2026-02-12,"83,22",mixco,education
501100,karla vargas,f,2026-01-21,388.70,guatemala,education
501273,maria castillo,m,2026-01-17,287.20,villa nueva,retail
500430,diana reyes,m,2026-01-11,382.17,guatemala,education
501456,paola aguilar,f,2026-02-16,264.83,quetzaltenango,services
501405,gustavo herrera,m,18/01/2026,45.73,antigua,education
502125,paola alvarez,m,2026-01-22,357.56,guatemala,food
502258,ricardo lopez,f,09/01/2026,"303,16",quetzaltenango,education
501557,juan mejia,f,2026-01-23,"470,29",antigua,education
501179,paola ramirez,f,2026-02-26,"304,22",villa nueva,food
504896,isabel  mendez,f,09/02/2026,63.20,amatitlan,education
503048,andrea  hernandez,m,2026-01-23,117.04,chimaltenango,food
503307,laura perez,m,2026-01-06,472.39,escuintla,food
503299,ana mendez,f,2026-01-26,443.83,mixco,food
502225,pedro morales,f,07/02/2026,"114,75",villa nueva,services
501621,kevin perez,f,2026-02-15,"130,80",quetzaltenango,food
504280,paola ramirez,m,16/02/2026,"78,09",chimaltenango,food
502260,oscar  vargas,m,2026-01-05,"333,31",quetzaltenango,retail
504396,ricardo mendez,f,2026-02-06,"124,77",antigua,education
502500,carlos mendez,m,2026-02-17,151.50,chimaltenango,education
502673,oscar lima,f,19/02/2026,158.52,guatemala,services
502890,pedro rojas,m,2026-01-18,"382,79",villa nueva,food
502578,isabel  perez,f,2026-01-16,desconocido,amatitlan,retail
503586,gustavo vargas,f,2026-01-26,339.94,antigua,retail
502486,miguel ruiz,f,2026-01-16,"361,97",quetzaltenango,education
502707,isabel lopez,,04/01/2026,"95,54",quetzaltenango,education
500955,gustavo castillo,f,2026-01-20,"184,73",chimaltenango,services
501053,rene aguilar,f,2026-01-18,"239,41",chimaltenango,retail
502445,pablo vargas,f,22/02/2026,499.59,quetzaltenango,education
502804,carlos molina,f,2026-03-01,"355,00",guatemala,food
500889,gustavo lima,f,20/01/2026,115.78,escuintla,education
503060,ricardo ortega,f,2026-01-24,"134,47",mixco,food
500140,oscar mejia,m,2026-01-02,57.32,amatitlan,education
500630,miguel solis,f,2026-01-25,"211,71",escuintla,food
500050,carmen diaz,f,2026-01-22,"6,53",antigua,food
501907,jose perez,m,2026-02-18,desconocido,mixco,services
503372,pablo morales,m,2026-01-20,478.65,antigua,services
500470,monica herrera,m,28/02/2026,"142,37",antigua,services
500892,luis alvarez,f,2026-01-10,"1,52",chimaltenango,services
502808,luis  solis,f,2026-01-16,"444,98",villa nueva,retail
500653,valeria mendez,f,2026-01-13,82.11,guatemala,retail
503641,isabel mendez,m,06/01/2026,27.71,,education
501203,luis aguilar,f,23/02/2026,"202,94",antigua,food
504377,daniel aguilar,f,2026-02-09,"169,67",villa nueva,education
504169,paola dominguez,f,2026-02-03,277.53,chimaltenango,retail
500188,carlos  nunez,f,2026-02-02,436.80,villa nueva,retail
503723,valeria  alvarez,f,2026-02-09,155.79,guatemala,food
502154,daniel molina,,2026-01-24,"225,94",antigua,services
500743,monica ramirez,m,2026-02-08,7.21,quetzaltenango,services
501914,carlos rojas,f,2026-02-24,"380,69",chimaltenango,services
503449,fernando reyes,f,22/02/2026,"164,43",villa nueva,services
502856,andrea lopez,f,2026-02-07,95.30,villa nueva,food
500794,ricardo vargas,f,2026-01-26,"67,73",escuintla,services
500911,laura morales,f,2026-01-07,114.52,escuintla,retail
500055,diana solis,f,05/02/2026,"51,28",chimaltenango,food
502596,ricardo gomez,m,2026-01-03,419.58,antigua,education
500754,diana reyes,f,2026-01-07,10.35,guatemala,food
504268,karla rojas,m,08/01/2026,434.50,desconocido,services
504856,laura solis,m,12/01/2026,"485,49",villa nueva,food
503826,rene aguilar,f,14/01/2026,"246,85",antigua,services
501300,sofia mendez,m,2026-01-18,desconocido,guatemala,food
503883,kevin paz,f,2026-03-01,178.78,quetzaltenango,education
500766,gustavo soto,f,17/01/2026,244.24,mixco,education
500041,elena cruz,m,2026-02-28,273.67,amatitlan,retail
504088,fernando mendez,m,2026-01-02,desconocido,escuintla,food
501293,sofia alvarez,f,2026-02-07,276.02,amatitlan,education
500329,ricardo solis,f,2026-02-01,desconocido,chimaltenango,food
504735,ana diaz,f,2026-02-13,"267,73",chimaltenango,retail
500488,maria ruiz,m,2026-02-14,423.90,chimaltenango,retail
503424,pedro cruz,f,2026-01-13,"8,97",guatemala,food
504198,valeria molina,,01/02/2026,"376,82",chimaltenango,retail
501730,pablo lima,f,21/02/2026,461.01,chimaltenango,services
502502,isabel solis,m,2026-02-24,"479,42",desconocido,food
503513,luis rojas,m,2026-02-18,115.17,amatitlan,retail
503043,karla cruz,f,27/01/2026,"78,64",amatitlan,education
501058,karla fuentes,f,2026-01-20,426.93,mixco,education
504461,paola  lima,f,2026-01-04,239.37,escuintla,education
502729,ana hernandez,f,2026-01-29,"263,81",quetzaltenango,services
504523,ana paz,f,2026-02-08,268.09,amatitlan,retail
504641,pablo ramirez,f,2026-02-16,"97,47",escuintla,food
503355,kevin castillo,m,02/01/2026,"117,66",antigua,education
500303,kevin hernandez,f,03/01/2026,"319,35",amatitlan,food
502001,pablo  nunez,f,2026-02-21,"373,28",amatitlan,services
503582,laura ramirez,m,2026-02-03,"438,50",chimaltenango,education
504172,jose lima,m,04/02/2026,212.78,chimaltenango,education
504531,oscar alvarez,f,2026-02-04,406.66,chimaltenango,services
502104,monica alvarez,m,2026-01-12,"52,16",guatemala,food
503198,patricia fuentes,m,08/02/2026,284.10,antigua,services
500969,elena mejia,m,23/01/2026,"96,28",quetzaltenango,services
503618,hector lima,m,2026-01-01,"395,69",guatemala,education
500437,valeria nunez,f,2026-01-08,400.17,quetzaltenango,food
500876,daniel ortega,f,2026-01-29,"449,12",guatemala,services
504786,miguel diaz,f,2026-02-21,335.80,amatitlan,services
504468,juan soto,f,2026-01-09,47.30,quetzaltenango,food
502312,isabel mazariegos,f,2026-02-17,"0,42",quetzaltenango,retail
502642,laura aguilar,m,24/02/2026,"483,86",escuintla,services
500825,rene  morales,m,2026-02-09,desconocido,chimaltenango,food
504326,gabriela  paz,m,2026-01-04,158.69,amatitlan,services
504664,monica molina,f,05/01/2026,58.36,antigua,education
502848,monica paz,f,2026-01-16,"417,90",antigua,retail
500024,ricardo gomez,m,2026-01-31,409.38,chimaltenango,education
502920,karla mazariegos,m,29/01/2026,404.55,antigua,retail
502282,elena mejia,m,2026-02-24,desconocido,amatitlan,education
502025,karla lopez,f,2026-01-15,"87,71",escuintla,education
503273,patricia mazariegos,f,11/02/2026,"133,94",antigua,retail
504427,andrea rojas,m,2026-02-20,desconocido,mixco,services
503758,elena soto,m,2026-01-21,248.67,escuintla,food
504777,patricia mazariegos,m,2026-01-05,469.37,guatemala,food
504701,fernando  nunez,f,2026-02-25,"90,02",mixco,services
502406,daniel vargas,f,2026-01-30,438.07,antigua,services
502355,carlos mendez,f,10/01/2026,"438,45",escuintla,food
504774,isabel dominguez,f,2026-02-26,desconocido,mixco,food
504889,jose reyes,f,2026-01-30,"79,57",guatemala,retail
502997,rene rojas,m,2026-02-08,"327,33",chimaltenango,education
503292,pablo mejia,f,10/01/2026,desconocido,antigua,food
501074,andrea herrera,m,2026-02-03,"360,85",quetzaltenango,retail
501062,juan  dominguez,m,2026-02-20,278.34,guatemala,retail
503259,ana ramirez,f,27/01/2026,"437,13",villa nueva,education
501784,luis nunez,m,2026-02-24,"295,88",mixco,retail
502439,carmen fuentes,m,2026-02-26,392.29,mixco,food
504803,carmen  castillo,f,2026-02-18,desconocido,quetzaltenango,education
504489,juan cruz,m,2026-02-01,desconocido,escuintla,services
502858,daniel mendez,m,02/01/2026,"472,24",chimaltenango,retail
502694,sofia ruiz,f,2026-01-27,desconocido,chimaltenango,education
501192,juan aguilar,m,21/01/2026,152.74,antigua,education
501138,laura nunez,m,2026-02-20,478.02,desconocido,retail
502817,ricardo ramirez,f,21/02/2026,"178,58",chimaltenango,retail
503232,rene ruiz,f,13/01/2026,488.18,amatitlan,education
501433,andrea aguilar,m,08/02/2026,432.66,chimaltenango,services
504181,valeria flores,f,26/02/2026,279.71,chimaltenango,food
504228,andrea perez,m,13/02/2026,"158,32",desconocido,retail
502952,miguel mendez,f,07/02/2026,"15,59",chimaltenango,food
501793,pedro  vargas,,2026-01-25,"329,79",villa nueva,retail
501874,elena ramirez,f,2026-01-05,"315,68",quetzaltenango,food
502143,carmen cruz,f,2026-01-02,301.67,villa nueva,retail
502390,valeria  hernandez,m,2026-02-23,"336,45",antigua,services
501015,carlos alvarez,m,2026-02-01,"227,32",escuintla,education
502988,pablo vargas,f,2026-02-14,324.13,amatitlan,services
500817,gabriela castillo,m,23/02/2026,desconocido,amatitlan,retail
501984,rene rojas,m,2026-01-22,185.56,quetzaltenango,food
502978,carmen ortega,f,2026-02-05,"187,21",quetzaltenango,education
504301,isabel ortega,m,2026-01-30,224.50,villa nueva,food
500487,carlos mazariegos,m,2026-02-16,desconocido,mixco,retail
504186,gustavo  diaz,f,2026-02-07,"414,78",villa nueva,retail
502046,elena ortega,m,2026-02-08,260.16,villa nueva,services
500005,luis ruiz,m,2026-02-05,"430,98",villa nueva,education
500063,hector torres,m,11/02/2026,"2,11",amatitlan,education
504435,carmen ramirez,m,2026-02-16,"77,30",guatemala,retail
504246,gabriela diaz,f,2026-01-10,"421,85",quetzaltenango,food
500838,patricia torres,f,2026-02-22,156.94,chimaltenango,services
502356,oscar molina,m,2026-01-26,"462,03",amatitlan,services
504486,juan hernandez,f,2026-01-29,"232,42",guatemala,food
504426,ana ramirez,f,2026-02-02,"385,00",quetzaltenango,food
502919,maria  lopez,m,05/02/2026,"42,71",chimaltenango,education
500302,rene torres,f,2026-01-09,276.74,amatitlan,education
503455,andrea mejia,f,2026-01-04,"97,31",escuintla,food
502556,andrea rojas,m,2026-01-16,"223,24",mixco,retail
502846,valeria  vargas,m,2026-01-20,"18,62",chimaltenango,education
504674,sofia  alvarez,f,2026-02-09,"104,67",chimaltenango,education
500324,jose dominguez,m,17/02/2026,146.06,escuintla,education
504087,maria molina,m,2026-01-20,desconocido,villa nueva,services
501454,ana diaz,m,2026-01-19,314.31,amatitlan,food
501096,maria lima,f,2026-01-18,384.97,chimaltenango,food
501425,ana diaz,m,2026-02-22,156.33,chimaltenango,retail
503769,rene dominguez,f,23/02/2026,"275,18",mixco,education
502050,rene nunez,f,03/02/2026,desconocido,desconocido,food
503334,carlos  soto,f,2026-02-17,203.88,mixco,education
503575,pablo reyes,f,2026-02-14,82.68,quetzaltenango,retail
501190,isabel cruz,m,2026-01-19,199.91,villa nueva,retail
503041,pedro paz,m,2026-02-25,desconocido,escuintla,retail
500304,andrea morales,f,24/01/2026,"9,17",villa nueva,education
500583,ricardo perez,m,2026-01-12,346.18,antigua,education
502746,andrea cruz,m,02/01/2026,238.00,quetzaltenango,services
501919,pedro herrera,f,2026-01-13,341.24,amatitlan,services
500952,pedro gomez,f,2026-02-18,34.40,mixco,retail
504876,maria fuentes,f,2026-02-02,"433,77",quetzaltenango,education
503633,ricardo  gomez,f,01/02/2026,desconocido,chimaltenango,food
504310,luis ortega,f,2026-01-12,224.63,chimaltenango,education
501141,valeria  soto,m,08/02/2026,412.83,mixco,food
503234,carmen  diaz,f,2026-02-17,359.96,antigua,retail
502035,pablo hernandez,f,15/02/2026,"457,67",mixco,retail
500388,juan herrera,f,2026-02-18,"202,47",desconocido,education
502866,laura soto,f,2026-02-24,"388,99",quetzaltenango,food
501187,elena ortega,m,2026-01-11,"44,77",mixco,services
502823,carmen ortega,f,13/02/2026,287.01,mixco,education
502865,rene hernandez,m,15/02/2026,"15,66",antigua,education
500422,kevin lopez,m,2026-01-30,224.88,,retail
503302,luis lopez,f,22/01/2026,"474,92",amatitlan,food
501361,andrea ortega,f,2026-01-08,desconocido,mixco,retail
501468,pedro fuentes,m,2026-02-24,desconocido,chimaltenango,retail
500920,valeria  ramirez,f,19/02/2026,"165,87",villa nueva,services
503169,oscar mejia,f,2026-02-08,311.49,mixco,services
501742,miguel reyes,f,2026-01-09,389.75,chimaltenango,retail
503658,daniel ramirez,f,18/02/2026,"355,05",guatemala,food
504873,rene cruz,f,2026-03-01,"413,01",guatemala,retail
501357,gustavo morales,f,31/01/2026,22.65,antigua,retail
502157,oscar perez,f,22/01/2026,desconocido,villa nueva,services
503681,rene herrera,m,2026-02-28,448.59,guatemala,services
504076,carmen morales,m,2026-01-30,"244,83",antigua,education
504369,gabriela alvarez,m,2026-01-06,"159,77",antigua,services
502086,diana diaz,m,16/02/2026,"336,91",escuintla,education
501370,laura perez,m,21/02/2026,desconocido,chimaltenango,education
501123,valeria ortega,m,05/01/2026,"124,53",desconocido,education
502028,luis hernandez,f,2026-01-11,desconocido,quetzaltenango,retail
501182,diana morales,f,2026-02-03,"275,49",amatitlan,retail
503407,fernando  morales,f,2026-01-07,458.92,villa nueva,retail
501099,monica reyes,m,2026-02-15,"114,23",antigua,food
501290,oscar  lopez,m,2026-01-10,"65,18",amatitlan,education
500879,patricia herrera,m,2026-02-25,357.59,desconocido,education
504094,miguel ramirez,desconocido,2026-01-07,368.14,escuintla,services
503734,kevin paz,m,2026-02-04,203.42,escuintla,retail
504811,isabel aguilar,f,2026-02-22,"32,50",quetzaltenango,retail
503541,laura  aguilar,m,10/02/2026,desconocido,quetzaltenango,food
504898,paola  rojas,m,20/02/2026,"122,01",amatitlan,retail
503637,paola lima,m,2026-01-05,8.35,amatitlan,education
502379,miguel molina,m,2026-01-13,"434,54",quetzaltenango,education
500936,fernando nunez,m,2026-01-07,214.18,antigua,services
502963,sofia solis,f,2026-01-10,"163,04",villa nueva,food
500704,hector aguilar,f,11/02/2026,"245,72",chimaltenango,education
500306,oscar vargas,f,2026-01-30,"358,05",guatemala,retail
504421,diana  mazariegos,f,2026-02-16,"306,28",antigua,food
500381,diana cruz,f,2026-02-27,desconocido,villa nueva,retail
501193,gabriela diaz,m,18/01/2026,374.76,mixco,education
503359,kevin ruiz,f,2026-02-22,293.70,mixco,services
500639,carmen soto,f,2026-01-01,"324,91",quetzaltenango,services
500810,carmen ruiz,m,2026-02-04,"210,86",guatemala,education
503103,patricia flores,m,2026-02-12,88.89,antigua,services
503492,monica  castillo,m,2026-01-14,395.76,mixco,education
503261,daniel mejia,m,2026-01-09,"97,29",chimaltenango,retail
502701,luis ramirez,m,2026-02-15,323.01,mixco,education
501704,pablo reyes,m,2026-01-08,desconocido,mixco,food
500234,jose mejia,f,2026-01-30,451.13,antigua,retail
502052,elena  mejia,m,2026-01-23,236.66,chimaltenango,services
500885,fernando  lopez,f,06/01/2026,6.57,guatemala,education
503779,pablo  fuentes,m,2026-02-24,295.80,mixco,services
502636,daniel perez,f,2026-02-07,"485,41",escuintla,services
503437,carmen mazariegos,f,2026-02-05,7.13,mixco,education
500008,daniel  mendez,,2026-01-02,"179,40",mixco,retail
503855,oscar reyes,m,12/01/2026,448.39,antigua,retail
503802,maria gomez,f,01/02/2026,"118,50",guatemala,food
502845,andrea cruz,m,2026-01-13,173.82,antigua,retail
504707,gabriela mejia,f,2026-01-11,174.19,desconocido,education
503065,fernando ruiz,f,2026-02-18,desconocido,mixco,services
501869,isabel mazariegos,f,2026-01-24,446.34,amatitlan,food
504562,andrea soto,f,02/02/2026,"135,44",chimaltenango,retail
504745,patricia  solis,f,2026-01-17,"84,44",villa nueva,food
503370,karla fuentes,f,2026-01-25,285.07,antigua,education
504442,oscar molina,f,2026-02-05,desconocido,antigua,services
500300,maria gomez,f,2026-01-15,149.21,quetzaltenango,food
500682,laura ruiz,m,2026-01-27,"61,96",chimaltenango,education
503583,juan hernandez,f,17/02/2026,desconocido,chimaltenango,food
502094,pablo mazariegos,f,2026-01-16,135.44,amatitlan,food
503613,elena nunez,m,2026-01-06,"194,22",antigua,food
502186,jose perez,f,2026-02-09,6.65,mixco,food
502594,carlos herrera,f,2026-01-12,"84,33",desconocido,food
503108,carmen castillo,m,2026-02-24,399.14,amatitlan,education
503606,ricardo mejia,f,26/01/2026,"302,32",villa nueva,services
504730,patricia nunez,m,2026-01-09,"459,55",chimaltenango,services
500206,oscar morales,,2026-02-17,311.75,escuintla,food
501833,isabel flores,m,2026-02-03,"482,36",villa nueva,education
502924,karla reyes,m,2026-02-24,"17,69",chimaltenango,food
503315,luis aguilar,f,2026-01-08,313.81,mixco,education
501909,ana mendez,m,2026-02-07,170.51,chimaltenango,services
500511,gabriela  alvarez,m,2026-02-10,"167,10",,services
502472,juan mendez,m,2026-02-26,desconocido,chimaltenango,food
503483,ana alvarez,m,2026-02-18,"218,85",villa nueva,education
503713,carlos fuentes,f,2026-02-15,"449,65",mixco,services
503615,diana flores,f,2026-02-04,desconocido,chimaltenango,services
503819,sofia flores,m,22/01/2026,"41,11",guatemala,food
504129,maria mazariegos,m,2026-01-28,"67,40",antigua,food
504900,isabel alvarez,f,2026-01-29,"227,50",villa nueva,food
502570,karla diaz,m,28/02/2026,"414,34",chimaltenango,retail
501359,jose gomez,f,2026-02-08,"320,05",mixco,education
502539,ana solis,f,2026-01-07,desconocido,quetzaltenango,services
501005,gabriela ramirez,f,02/01/2026,"293,71",amatitlan,retail
503288,elena reyes,f,2026-02-04,147.53,quetzaltenango,services
504095,hector lima,,2026-02-07,"441,93",villa nueva,education
501572,ana fuentes,f,2026-02-08,22.99,chimaltenango,food
501261,oscar alvarez,desconocido,2026-02-10,259.43,chimaltenango,education
504808,monica soto,f,2026-01-30,"299,90",antigua,education
500351,andrea lopez,f,18/01/2026,desconocido,desconocido,education
500940,elena mejia,m,2026-01-02,238.13,amatitlan,food
500546,gustavo rojas,f,13/02/2026,"319,01",antigua,food
503550,elena cruz,m,2026-01-18,"196,25",antigua,services
504693,ricardo gomez,m,2026-01-01,"499,86",guatemala,retail
501038,ana ortega,f,2026-02-08,desconocido,guatemala,services
501918,carmen soto,f,2026-02-13,"240,73",escuintla,retail
500154,oscar castillo,desconocido,2026-01-30,"303,87",quetzaltenango,food
500123,gabriela  paz,m,2026-01-02,desconocido,villa nueva,services
502512,paola cruz,m,2026-01-05,desconocido,escuintla,retail
501263,karla mazariegos,m,23/01/2026,488.10,quetzaltenango,retail
504506,sofia alvarez,f,2026-02-06,43.52,guatemala,food
501842,gabriela mejia,f,2026-01-22,"477,08",guatemala,services
503825,carlos mejia,m,2026-01-16,387.87,antigua,services
504049,pedro fuentes,m,09/01/2026,"414,20",amatitlan,retail
501544,patricia castillo,f,2026-02-22,266.49,amatitlan,education
501905,sofia vargas,m,26/01/2026,"1,89",escuintla,education
501274,valeria nunez,f,2026-02-28,"348,25",antigua,food
500947,carmen reyes,f,2026-01-15,"204,51",mixco,food
501083,elena reyes,m,2026-01-22,"313,23",quetzaltenango,retail
503430,kevin herrera,f,2026-01-01,26.83,escuintla,food
500198,daniel rojas,m,09/01/2026,439.75,villa nueva,food
503279,karla ruiz,m,2026-01-26,desconocido,antigua,services
500151,hector aguilar,f,2026-02-26,"3,41",escuintla,food
502739,patricia nunez,f,23/02/2026,79.12,,food
500181,valeria cruz,m,28/02/2026,"84,69",guatemala,services
504738,isabel reyes,m,2026-02-15,"242,33",villa nueva,services
501805,carlos vargas,m,2026-02-25,desconocido,amatitlan,food
504382,ana castillo,f,12/02/2026,"448,06",antigua,food
502699,diana molina,m,2026-02-01,192.08,chimaltenango,education
500258,miguel  alvarez,m,2026-01-19,"345,69",amatitlan,education
500393,karla mendez,m,2026-01-30,277.69,quetzaltenango,food
503094,ricardo ortega,m,2026-02-09,"352,87",villa nueva,education
503006,karla castillo,m,2026-01-07,desconocido,antigua,retail
501506,oscar lopez,m,05/01/2026,462.63,amatitlan,food
500475,carlos lima,f,13/01/2026,desconocido,desconocido,services
504215,pedro vargas,m,2026-01-11,"269,52",mixco,services
504275,gustavo soto,m,2026-01-17,90.44,villa nueva,retail
503410,paola nunez,f,08/02/2026,desconocido,guatemala,services
500687,kevin vargas,m,25/02/2026,362.02,antigua,food
501634,rene  vargas,m,2026-02-06,"121,63",quetzaltenango,food
502346,luis soto,,2026-02-17,417.51,quetzaltenango,retail
502573,valeria nunez,f,2026-01-15,21.45,quetzaltenango,education
501790,isabel aguilar,f,2026-01-17,"118,41",escuintla,retail
500762,hector torres,f,2026-02-24,62.38,mixco,education
501967,juan dominguez,f,26/01/2026,172.58,quetzaltenango,education
502158,carmen  torres,f,2026-01-04,"210,68",chimaltenango,education
501664,juan diaz,f,2026-02-06,160.43,guatemala,food
504899,patricia cruz,f,2026-01-17,"409,86",escuintla,food
502591,patricia ramirez,f,2026-01-18,156.25,escuintla,retail
503792,fernando ramirez,m,2026-02-06,"335,54",villa nueva,services
503378,ricardo lima,m,2026-01-09,65.38,quetzaltenango,services
500650,elena  aguilar,f,2026-02-03,"63,29",villa nueva,food
504554,laura soto,f,2026-01-09,desconocido,amatitlan,retail
503716,pedro paz,m,2026-02-27,"140,90",villa nueva,education
504844,rene ruiz,f,12/02/2026,401.95,escuintla,retail
501035,paola ramirez,m,25/02/2026,desconocido,escuintla,education
500733,pablo lopez,desconocido,2026-02-04,267.47,amatitlan,retail
500685,sofia castillo,f,09/01/2026,"32,63",villa nueva,services
503845,maria castillo,m,2026-02-05,127.24,mixco,retail
504236,andrea flores,m,2026-02-19,"206,86",amatitlan,education
504320,karla ruiz,,2026-01-24,262.58,guatemala,retail
502124,carlos hernandez,f,15/01/2026,252.30,escuintla,retail
501882,sofia cruz,m,02/01/2026,210.30,chimaltenango,education
503625,andrea paz,m,2026-01-27,desconocido,amatitlan,education
502931,kevin  aguilar,m,15/01/2026,159.17,chimaltenango,food
501825,oscar molina,f,2026-02-09,desconocido,quetzaltenango,education
504165,isabel soto,m,2026-01-18,145.43,,retail
500644,elena rojas,m,2026-01-08,"321,43",villa nueva,retail
503381,elena nunez,f,2026-01-03,"118,74",mixco,services
503110,fernando mazariegos,m,2026-01-22,"255,70",quetzaltenango,food
503920,miguel flores,f,2026-01-10,"366,98",guatemala,food
503580,monica castillo,m,2026-02-20,desconocido,amatitlan,education
501551,ricardo hernandez,f,2026-01-03,desconocido,amatitlan,services
501598,monica diaz,f,2026-01-27,"237,67",guatemala,education
503358,luis solis,f,2026-01-08,225.29,amatitlan,retail
503922,pedro diaz,f,2026-01-06,"167,71",guatemala,food
501718,patricia cruz,f,2026-01-24,"40,15",desconocido,education
502757,hector ruiz,m,2026-01-04,"91,82",amatitlan,education
503668,ricardo nunez,f,2026-01-06,278.28,amatitlan,services
504815,laura diaz,m,2026-02-27,405.31,escuintla,services
504637,andrea paz,m,2026-02-21,desconocido,amatitlan,food
502444,kevin diaz,m,2026-02-08,480.61,amatitlan,education
500840,maria molina,m,2026-01-10,desconocido,mixco,food
501614,pedro morales,f,2026-01-22,desconocido,amatitlan,retail
503870,pablo castillo,f,04/02/2026,"279,54",guatemala,food
500166,fernando dominguez,m,2026-02-26,desconocido,,services
504685,patricia gomez,m,2026-02-27,413.24,guatemala,services
504212,valeria  reyes,f,2026-03-01,"445,27",quetzaltenango,food
504407,karla molina,m,19/02/2026,"145,51",amatitlan,retail
503386,gustavo gomez,m,31/01/2026,455.73,quetzaltenango,education
504315,paola ortega,m,23/02/2026,"433,42",guatemala,food
500212,daniel dominguez,f,03/01/2026,"83,42",mixco,education
502683,monica  solis,m,2026-01-21,"289,94",antigua,services
501667,gabriela  torres,m,06/01/2026,"312,77",amatitlan,services
503979,carlos  reyes,f,08/02/2026,"74,22",antigua,services
504638,paola flores,f,14/02/2026,"219,71",quetzaltenango,retail
503127,pablo ruiz,m,19/02/2026,69.72,chimaltenango,services
501556,rene  lima,f,2026-03-01,341.78,guatemala,food
504537,gabriela molina,m,2026-01-13,255.81,villa nueva,services
501595,sofia paz,f,2026-01-12,desconocido,quetzaltenango,education
503760,fernando torres,m,2026-01-23,"92,77",guatemala,services
503395,isabel lima,f,2026-02-13,"298,73",amatitlan,food
501354,monica mejia,m,2026-01-17,97.74,amatitlan,food
501916,pablo fuentes,f,2026-02-23,415.34,quetzaltenango,services
501517,hector gomez,m,2026-02-21,"418,71",chimaltenango,services
501934,laura mazariegos,m,2026-01-30,445.72,chimaltenango,food
504687,ana paz,f,2026-02-04,"290,58",chimaltenango,services
502196,pablo cruz,f,2026-02-22,"147,83",amatitlan,services
503002,sofia mazariegos,m,2026-02-10,desconocido,mixco,retail
502155,sofia alvarez,m,2026-02-14,"59,59",quetzaltenango,services
500566,paola hernandez,m,2026-01-30,458.51,villa nueva,services
504691,daniel lopez,m,2026-02-06,360.59,villa nueva,food
500631,karla  vargas,,2026-02-13,"38,59",amatitlan,retail
500231,patricia vargas,m,2026-01-13,382.40,amatitlan,education
503789,kevin reyes,f,2026-02-02,"60,44",amatitlan,services
502195,fernando reyes,f,2026-02-23,399.26,antigua,retail
504145,paola reyes,f,2026-01-16,353.74,escuintla,services
501020,laura castillo,f,2026-01-20,"29,86",desconocido,retail
501529,fernando soto,m,08/02/2026,"476,63",chimaltenango,retail
500053,fernando castillo,f,13/02/2026,"350,47",quetzaltenango,food
500599,gabriela hernandez,m,04/02/2026,"218,80",antigua,services
501756,andrea lima,m,2026-02-26,473.96,escuintla,services
502096,fernando ruiz,m,22/01/2026,154.52,chimaltenango,retail
503759,sofia soto,f,2026-01-01,desconocido,escuintla,retail
503374,daniel vargas,m,2026-01-04,"209,69",chimaltenango,education
500400,ricardo dominguez,m,2026-02-22,415.95,guatemala,education
502907,miguel  alvarez,desconocido,2026-02-04,152.55,mixco,food
500469,diana herrera,m,28/01/2026,355.78,escuintla,education
501014,elena lima,f,2026-02-04,"440,38",mixco,services
503670,juan lopez,m,2026-02-15,448.63,chimaltenango,education
504097,oscar diaz,f,11/01/2026,desconocido,villa nueva,education
500348,gabriela ruiz,f,17/02/2026,367.55,escuintla,food
502329,miguel perez,f,2026-01-27,168.90,escuintla,retail
500991,pedro fuentes,f,2026-02-24,"88,78",chimaltenango,education
504723,maria dominguez,m,04/02/2026,"338,71",quetzaltenango,food
501484,monica mendez,m,2026-01-03,"305,88",quetzaltenango,services
500716,miguel soto,f,2026-01-03,413.89,mixco,education
500010,jose  perez,m,2026-01-09,"92,39",guatemala,education
502789,pedro flores,f,2026-01-23,"319,94",escuintla,services
501669,carmen diaz,m,2026-02-10,93.58,guatemala,food
503567,patricia mendez,m,2026-02-15,desconocido,amatitlan,retail
503943,laura  mejia,f,03/01/2026,"357,71",mixco,services
500286,pedro flores,m,03/01/2026,"459,99",escuintla,retail
502590,pedro fuentes,f,2026-01-27,24.83,mixco,retail
502790,gustavo cruz,m,2026-01-16,361.37,amatitlan,education
500445,gustavo mendez,m,2026-02-25,"292,62",amatitlan,retail
502392,carlos ruiz,m,09/02/2026,"305,17",escuintla,food
501876,gustavo torres,f,13/02/2026,"252,73",quetzaltenango,retail
502152,rene gomez,f,2026-01-27,"286,36",quetzaltenango,services
504196,juan vargas,f,15/02/2026,91.10,villa nueva,retail
503965,hector diaz,f,26/02/2026,"199,81",,services
502904,andrea diaz,m,21/02/2026,desconocido,guatemala,education
502262,maria aguilar,f,2026-01-20,"4,15",quetzaltenango,retail
500496,maria morales,m,2026-01-28,"258,26",mixco,education
502191,ana  molina,m,07/01/2026,"199,17",chimaltenango,retail
500828,laura mejia,m,2026-02-18,402.74,quetzaltenango,retail
503656,patricia paz,f,2026-01-28,"48,26",antigua,services
502210,gabriela rojas,m,2026-01-26,desconocido,antigua,education
503715,andrea ortega,m,2026-02-16,desconocido,mixco,food
503209,hector hernandez,f,2026-02-20,173.44,villa nueva,services
503089,sofia herrera,f,2026-02-11,66.02,amatitlan,education
504104,andrea mazariegos,f,2026-01-12,445.75,guatemala,education
503298,carlos ramirez,m,2026-01-06,"135,81",chimaltenango,retail
502495,paola rojas,m,09/02/2026,459.46,guatemala,food
503879,laura ortega,f,19/01/2026,359.07,chimaltenango,education
502915,elena herrera,f,2026-01-12,"155,33",guatemala,retail
502628,oscar ruiz,f,2026-01-26,303.90,escuintla,education
503546,juan paz,m,2026-02-13,"255,08",chimaltenango,education
500869,jose rojas,m,2026-01-28,"441,75",escuintla,retail
503955,luis perez,f,2026-02-27,"300,63",escuintla,services
502253,luis ruiz,f,2026-01-10,"23,43",villa nueva,retail
500581,elena castillo,f,2026-02-16,"349,63",chimaltenango,services
504890,juan cruz,m,2026-02-11,"27,12",villa nueva,education
503185,ricardo ruiz,f,26/02/2026,"346,68",chimaltenango,retail
500486,jose solis,m,2026-01-24,"432,22",amatitlan,retail
503049,gabriela ramirez,f,21/02/2026,desconocido,guatemala,education
503889,monica mendez,m,2026-02-01,444.23,mixco,education
502011,elena torres,m,28/02/2026,desconocido,guatemala,food
502908,miguel  solis,m,2026-01-11,"272,88",guatemala,retail
503784,gustavo lopez,,2026-02-15,114.84,chimaltenango,education
502715,jose ortega,f,2026-02-06,274.96,amatitlan,retail
501487,gabriela rojas,f,2026-01-14,"97,07",chimaltenango,services
504100,oscar soto,f,2026-02-16,390.48,guatemala,food
503981,jose  lopez,f,2026-01-22,21.36,escuintla,education
502407,pedro cruz,m,2026-01-10,311.40,amatitlan,retail
502325,karla lopez,m,19/01/2026,"137,96",chimaltenango,services
500267,gabriela molina,f,24/02/2026,174.14,amatitlan,food
500750,kevin mazariegos,m,19/01/2026,"223,03",mixco,retail
500492,paola ruiz,f,2026-01-02,4.54,chimaltenango,food
501894,rene herrera,f,19/01/2026,38.87,mixco,services
504542,maria reyes,f,2026-01-05,"261,12",desconocido,retail
504002,jose  perez,f,2026-01-23,"74,51",quetzaltenango,retail
502422,elena  alvarez,m,2026-01-04,484.41,quetzaltenango,retail
503131,daniel cruz,m,2026-01-29,"468,09",guatemala,retail
503189,pedro perez,m,2026-02-21,165.66,amatitlan,services
501225,isabel ruiz,m,2026-01-19,desconocido,amatitlan,retail
501678,patricia hernandez,f,2026-01-23,"349,76",guatemala,education
504751,gabriela mejia,m,2026-01-03,"371,13",mixco,retail
501656,sofia  herrera,f,2026-02-26,desconocido,villa nueva,services
504833,kevin ortega,f,2026-02-18,77.48,mixco,services
504003,ana cruz,f,2026-02-07,"278,32",chimaltenango,education
501526,fernando reyes,f,2026-01-05,"62,30",amatitlan,education
502440,carmen  vargas,f,2026-01-18,419.48,guatemala,education
502932,miguel  mazariegos,m,2026-01-07,413.66,mixco,retail
504614,laura  lima,m,18/02/2026,"174,49",mixco,education
504576,juan cruz,f,2026-02-16,240.56,mixco,retail
500800,maria mendez,f,11/02/2026,33.13,,education
502083,hector perez,f,2026-01-15,85.22,quetzaltenango,retail
501269,maria  alvarez,m,2026-02-08,"467,34",mixco,retail
504105,sofia morales,desconocido,2026-02-08,430.41,guatemala,retail
503599,daniel vargas,f,2026-02-19,311.46,chimaltenango,services
504328,isabel lima,f,2026-01-27,"141,33",antigua,services
503392,ricardo torres,f,2026-01-20,desconocido,escuintla,education
504622,carlos  gomez,f,2026-01-28,"493,41",quetzaltenango,education
500625,andrea gomez,m,2026-02-12,desconocido,mixco,retail
504191,karla lima,f,2026-01-02,"138,04",antigua,food
503947,paola mejia,f,2026-02-15,187.01,amatitlan,services
500416,carlos gomez,f,2026-02-07,"42,54",mixco,retail
500210,elena  castillo,m,15/02/2026,"474,26",villa nueva,retail
501200,luis  gomez,m,2026-02-06,"278,89",amatitlan,food
501505,ana morales,m,2026-01-14,439.58,escuintla,retail
504006,juan ruiz,m,2026-02-28,"218,57",guatemala,education
504378,diana mendez,f,2026-02-07,"90,80",amatitlan,food
501131,pedro castillo,m,2026-02-25,177.32,guatemala,services
503852,daniel ortega,f,2026-02-06,161.33,desconocido,education
502438,jose herrera,f,2026-02-15,38.30,quetzaltenango,education
502300,isabel fuentes,m,2026-02-09,"45,88",mixco,education
501158,kevin mazariegos,m,2026-02-19,196.55,chimaltenango,retail
502939,monica ramirez,m,2026-01-31,desconocido,escuintla,education
504841,juan mazariegos,f,2026-02-24,276.03,amatitlan,education
500521,ana  soto,m,15/01/2026,"473,06",chimaltenango,food
501352,andrea  soto,m,2026-01-14,"442,36",antigua,retail
501037,miguel mendez,m,2026-02-20,"329,26",chimaltenango,food
504114,fernando  hernandez,m,2026-01-28,"207,33",chimaltenango,retail
502925,fernando solis,f,06/02/2026,499.75,mixco,services
503062,monica morales,f,2026-02-20,"408,01",quetzaltenango,food
502770,gustavo mendez,f,2026-02-14,"3,66",antigua,retail
503289,luis ortega,f,2026-01-30,"59,05",quetzaltenango,retail
500958,gabriela ramirez,f,2026-01-06,456.59,escuintla,food
503495,hector ramirez,m,2026-01-18,"251,93",antigua,education
501446,patricia lima,m,2026-01-05,94.38,mixco,services
502134,daniel perez,f,02/01/2026,354.33,antigua,retail
500913,ricardo torres,f,2026-01-12,"338,78",quetzaltenango,services
502515,carmen hernandez,f,2026-02-20,454.66,chimaltenango,retail
501964,valeria soto,m,2026-01-23,204.52,chimaltenango,retail
500418,daniel alvarez,f,2026-01-25,"112,30",escuintla,retail
500413,hector mejia,m,2026-02-19,"432,05",villa nueva,education
500197,fernando torres,m,29/01/2026,373.71,antigua,retail
500285,gabriela castillo,f,2026-02-18,desconocido,escuintla,food
503921,patricia soto,m,08/02/2026,435.95,guatemala,food
501569,paola dominguez,f,2026-01-24,254.67,mixco,services
502733,jose castillo,m,2026-02-24,447.75,amatitlan,food
503572,luis vargas,m,07/02/2026,61.34,desconocido,education
504739,maria vargas,m,2026-02-21,"488,16",guatemala,food
501804,sofia lopez,f,11/01/2026,"128,92",villa nueva,education
500360,jose ortega,f,2026-02-08,140.40,villa nueva,retail
504671,isabel castillo,m,2026-02-28,"226,37",,retail
500694,kevin vargas,m,2026-02-25,65.96,mixco,retail
502753,maria paz,f,2026-02-28,"92,57",guatemala,services
503774,miguel vargas,f,2026-01-08,"9,72",antigua,food
500113,hector reyes,f,2026-01-02,374.68,mixco,education
500415,oscar paz,f,15/02/2026,235.92,desconocido,food
500339,jose  soto,f,07/02/2026,"426,33",antigua,services
502535,valeria molina,m,23/02/2026,"334,07",chimaltenango,education
503101,ricardo perez,f,2026-01-23,160.31,antigua,retail
501090,ricardo nunez,f,2026-02-07,123.52,guatemala,education
502923,pablo gomez,m,2026-01-08,389.58,chimaltenango,food
503394,monica  vargas,f,2026-01-28,55.71,guatemala,retail
502892,andrea castillo,m,09/02/2026,"193,12",quetzaltenango,food
500928,sofia aguilar,f,10/01/2026,363.28,antigua,food
501896,carmen paz,m,14/02/2026,"105,30",amatitlan,food
504256,daniel torres,desconocido,2026-02-28,"414,61",guatemala,education
504886,pablo cruz,f,08/02/2026,1.02,mixco,retail
502235,juan diaz,desconocido,2026-02-19,142.75,amatitlan,retail
504341,jose diaz,m,2026-01-07,"163,45",villa nueva,food
503440,laura lopez,f,2026-01-18,107.84,mixco,education
502206,gustavo mendez,f,21/02/2026,130.77,antigua,education
504072,paola paz,f,12/01/2026,164.04,villa nueva,retail
503796,ricardo ramirez,f,05/02/2026,"458,59",antigua,food
501084,daniel paz,,2026-01-27,"252,63",quetzaltenango,education
502826,carlos hernandez,m,14/01/2026,119.61,mixco,retail
502231,daniel diaz,f,2026-02-04,164.01,desconocido,food
502902,pablo  dominguez,m,2026-01-11,339.01,escuintla,education
504039,patricia mazariegos,f,11/02/2026,"368,99",escuintla,services
501253,sofia  dominguez,f,2026-01-18,311.25,villa nueva,education
501774,luis ruiz,f,2026-01-15,desconocido,escuintla,food
500274,isabel  flores,f,2026-02-12,487.54,antigua,education
500183,daniel vargas,m,11/01/2026,"232,74",amatitlan,education
504535,pablo hernandez,m,2026-01-03,"442,41",escuintla,education
504559,kevin alvarez,f,2026-02-26,"349,55",villa nueva,education
503524,oscar lima,m,2026-01-29,desconocido,antigua,retail
502138,andrea flores,m,2026-02-07,"448,66",antigua,retail
503297,pedro mejia,,2026-01-10,"111,89",quetzaltenango,retail
504879,valeria ramirez,f,09/02/2026,"158,16",antigua,retail
504147,gustavo paz,f,23/02/2026,385.09,chimaltenango,services
503772,sofia herrera,m,2026-02-10,"405,41",mixco,services
502725,pedro paz,m,2026-01-30,20.42,guatemala,food
503439,miguel mejia,m,2026-02-03,desconocido,desconocido,services
504631,miguel mejia,m,2026-02-01,380.77,amatitlan,services
501855,miguel soto,m,2026-02-11,359.83,escuintla,food
504331,sofia cruz,desconocido,17/01/2026,301.43,mixco,education
501514,monica ramirez,m,2026-02-15,"488,95",antigua,education
500582,hector mejia,desconocido,2026-02-04,126.36,amatitlan,services
502450,sofia solis,f,20/02/2026,"70,86",escuintla,food
500699,gustavo lopez,m,2026-02-28,desconocido,amatitlan,retail
501762,gabriela castillo,f,2026-01-20,176.00,antigua,education
500439,jose  fuentes,f,26/01/2026,"226,22",escuintla,retail
500528,hector  solis,f,08/01/2026,451.94,escuintla,services
504725,isabel diaz,f,2026-01-08,240.51,mixco,retail
503441,ana fuentes,f,12/01/2026,107.11,chimaltenango,retail
500718,miguel dominguez,f,2026-01-15,desconocido,amatitlan,services
501464,jose morales,f,2026-02-04,16.24,villa nueva,food
502688,daniel dominguez,m,2026-02-10,desconocido,amatitlan,education
500239,daniel castillo,f,2026-01-22,"354,52",villa nueva,food
501360,maria lopez,m,2026-02-27,"310,83",mixco,retail
502372,karla vargas,f,04/01/2026,desconocido,quetzaltenango,education
501879,pablo aguilar,f,2026-01-23,"74,20",guatemala,education
503818,gabriela mazariegos,m,2026-01-27,163.12,quetzaltenango,food
500228,elena flores,m,22/02/2026,"2,02",escuintla,education
502257,luis nunez,m,01/02/2026,"200,60",amatitlan,retail
501021,rene perez,f,21/02/2026,"396,63",guatemala,services
504476,kevin flores,m,17/01/2026,"100,21",antigua,food
501583,carlos  lopez,f,14/02/2026,"340,77",mixco,services
503588,daniel diaz,m,16/01/2026,"108,30",mixco,food
503953,juan  cruz,f,2026-02-23,desconocido,chimaltenango,education
501976,gustavo fuentes,m,2026-02-08,"162,33",amatitlan,food
501772,miguel  aguilar,f,01/01/2026,434.06,guatemala,food
503739,fernando ramirez,f,2026-02-25,225.73,amatitlan,services
502399,elena molina,f,22/01/2026,"481,42",villa nueva,food
503321,miguel flores,f,2026-02-19,"160,58",quetzaltenango,services
503628,gabriela paz,m,08/02/2026,"320,06",mixco,food
500052,ricardo morales,m,2026-02-05,"169,75",escuintla,food
500508,ricardo dominguez,f,25/01/2026,81.19,villa nueva,education
503109,daniel hernandez,f,2026-01-04,333.53,villa nueva,food
503682,hector hernandez,f,2026-01-25,492.52,guatemala,education
503151,jose diaz,m,2026-02-12,"61,54",villa nueva,retail
503086,patricia  fuentes,m,2026-02-06,"177,66",quetzaltenango,food
501700,daniel morales,f,08/02/2026,"156,32",desconocido,services
502624,carlos  paz,m,2026-01-08,353.95,antigua,food
504330,laura ruiz,f,16/02/2026,44.39,guatemala,retail
501286,paola alvarez,f,2026-01-19,236.52,antigua,retail
500479,patricia ortega,f,2026-02-15,358.88,guatemala,food
503990,carlos ortega,m,2026-01-27,177.40,guatemala,services
501802,oscar mendez,m,02/02/2026,166.86,amatitlan,services
502242,jose gomez,m,2026-02-28,473.04,amatitlan,services
502453,elena alvarez,m,2026-01-20,484.09,amatitlan,food
501615,pedro lima,m,2026-01-15,430.56,escuintla,retail
503742,carmen reyes,m,2026-01-30,342.54,quetzaltenango,food
503705,pedro flores,f,2026-01-20,desconocido,villa nueva,food
501826,ana diaz,m,2026-01-21,"268,50",quetzaltenango,food
504353,kevin alvarez,m,2026-03-01,447.62,quetzaltenango,food
502943,karla dominguez,f,27/02/2026,"223,90",guatemala,education
501585,rene solis,m,2026-02-11,"343,25",,food
504235,paola ramirez,m,2026-01-17,496.97,villa nueva,retail
502540,daniel castillo,m,2026-01-19,"116,97",guatemala,food
503904,karla  ramirez,f,2026-02-15,217.26,guatemala,food
504675,jose torres,f,2026-01-22,422.79,antigua,food
502755,carlos mendez,m,2026-01-07,0.95,amatitlan,services
503762,karla herrera,m,2026-02-21,"225,53",quetzaltenango,retail
503712,patricia cruz,m,10/02/2026,250.22,chimaltenango,education
501288,ana molina,m,2026-01-22,342.00,guatemala,services
500001,kevin hernandez,f,2026-01-09,19.47,chimaltenango,education
503318,rene morales,f,13/02/2026,75.69,quetzaltenango,retail
502010,carlos  nunez,f,2026-02-01,"112,00",quetzaltenango,retail
501785,patricia solis,m,2026-01-16,"132,93",amatitlan,food
502298,isabel lopez,f,2026-02-10,"118,55",villa nueva,services
503542,sofia hernandez,f,2026-02-21,275.29,escuintla,services
500890,andrea dominguez,f,28/02/2026,"241,31",mixco,retail
503181,kevin dominguez,m,04/02/2026,"32,32",chimaltenango,retail
503499,valeria mendez,f,2026-02-25,"317,72",villa nueva,retail
502754,karla rojas,m,2026-01-29,114.28,escuintla,retail
500980,hector  ruiz,m,2026-01-04,"317,02",chimaltenango,education
502332,diana mendez,m,2026-01-03,165.63,chimaltenango,services
502362,carmen castillo,m,2026-02-12,desconocido,quetzaltenango,food
502645,carmen solis,f,2026-02-05,"364,51",chimaltenango,education
501764,carlos gomez,m,2026-03-01,"431,83",antigua,education
504156,carlos soto,f,01/01/2026,"197,25",villa nueva,food
504062,andrea paz,f,2026-01-20,desconocido,villa nueva,food
504144,laura castillo,m,2026-01-31,"150,63",quetzaltenango,retail
500368,valeria reyes,m,2026-01-10,"266,81",quetzaltenango,retail
502163,isabel herrera,m,26/02/2026,desconocido,antigua,services
503035,fernando  herrera,m,23/01/2026,"462,07",chimaltenango,food
503018,paola  lopez,f,2026-02-11,"224,59",mixco,education
502983,valeria  vargas,m,2026-01-04,"171,23",chimaltenango,education
500979,valeria vargas,m,03/02/2026,411.33,quetzaltenango,services
504349,isabel mejia,m,2026-01-09,115.03,amatitlan,services
503751,gustavo mejia,f,2026-01-27,"51,15",chimaltenango,food
504188,ana mejia,f,2026-02-19,379.72,antigua,services
504818,laura diaz,m,2026-02-08,218.70,guatemala,retail
501266,monica diaz,f,2026-01-12,"261,56",quetzaltenango,services
502783,luis ortega,desconocido,03/02/2026,"463,89",antigua,education
502860,kevin  fuentes,m,16/01/2026,"301,65",antigua,education
501750,ricardo rojas,f,2026-01-20,desconocido,amatitlan,food
504556,miguel fuentes,m,2026-01-25,356.67,amatitlan,food
504727,carlos  castillo,f,13/02/2026,245.43,chimaltenango,retail
503533,monica ortega,m,2026-02-19,211.08,guatemala,retail
500850,paola torres,desconocido,03/02/2026,57.62,guatemala,education
504480,carmen fuentes,f,21/01/2026,417.69,amatitlan,food
502066,karla gomez,f,24/01/2026,322.48,guatemala,education
501210,rene herrera,m,2026-01-14,"329,77",mixco,education
500115,elena  molina,m,2026-02-25,430.56,guatemala,food
504590,ricardo  mejia,m,01/03/2026,"55,60",antigua,services
504608,juan  soto,f,2026-02-12,126.99,villa nueva,food
502979,andrea torres,m,16/02/2026,desconocido,amatitlan,education
504682,sofia flores,f,2026-02-16,"61,97",antigua,food
500819,hector reyes,f,2026-02-06,"139,43",amatitlan,services
500788,ricardo perez,f,12/02/2026,"114,30",escuintla,retail
502604,ricardo lopez,m,2026-02-02,"266,06",antigua,food
503225,pedro nunez,f,21/02/2026,"327,52",quetzaltenango,food
501057,valeria ortega,f,2026-01-29,330.90,,food
504112,monica alvarez,f,2026-01-05,"76,65",,retail
504532,miguel molina,m,2026-02-11,327.13,quetzaltenango,retail
502668,valeria mazariegos,m,25/01/2026,93.01,guatemala,services
503578,hector molina,m,2026-02-18,"482,08",amatitlan,retail
504051,ricardo castillo,m,19/02/2026,291.45,amatitlan,food
501428,gabriela nunez,m,2026-02-17,desconocido,amatitlan,education
503732,luis rojas,f,12/01/2026,"229,84",antigua,education
504547,andrea vargas,m,02/01/2026,383.10,mixco,retail
503919,isabel molina,f,22/01/2026,"286,20",escuintla,education
503030,diana ruiz,m,2026-02-18,"405,06",chimaltenango,retail
500242,miguel molina,m,2026-01-03,desconocido,antigua,food
500530,laura flores,f,2026-02-24,"99,11",mixco,food
504440,valeria  mendez,f,2026-01-21,264.97,chimaltenango,services
501181,paola gomez,m,16/01/2026,249.28,villa nueva,education
501443,patricia  mejia,f,08/02/2026,"136,28",guatemala,retail
503619,daniel morales,f,2026-02-13,382.05,guatemala,food
500507,gabriela castillo,m,2026-01-18,"294,50",amatitlan,education
504237,pablo lopez,m,2026-02-21,424.50,antigua,food
501580,isabel ortega,f,2026-01-13,"67,94",villa nueva,services
503958,patricia  paz,m,2026-01-27,"317,77",amatitlan,services
504161,gabriela  rojas,m,22/01/2026,"145,68",chimaltenango,retail
502059,hector perez,m,29/01/2026,310.61,villa nueva,food
501752,elena solis,f,2026-02-22,248.41,guatemala,food
502006,kevin  cruz,m,04/01/2026,"457,12",villa nueva,retail
503710,carlos castillo,f,2026-02-03,"276,16",antigua,retail
503251,elena  nunez,f,19/01/2026,419.70,quetzaltenango,services
502301,carlos ortega,m,2026-01-06,"27,71",amatitlan,education
501630,patricia morales,m,2026-01-16,156.51,escuintla,services
504700,carmen vargas,m,2026-01-25,85.38,chimaltenango,services
500806,hector vargas,f,2026-01-24,422.74,antigua,food
504041,elena soto,f,2026-01-21,317.43,guatemala,services
501125,hector solis,m,2026-02-21,desconocido,amatitlan,food
500315,paola perez,f,2026-02-17,"438,54",villa nueva,services
501778,isabel solis,desconocido,2026-02-18,474.27,chimaltenango,retail
503945,isabel lima,f,09/01/2026,"155,21",escuintla,education
502567,daniel fuentes,f,2026-02-18,261.77,escuintla,services
502514,pablo ramirez,,2026-02-02,"141,99",antigua,retail
500932,hector gomez,f,2026-01-14,367.35,quetzaltenango,retail
501686,valeria soto,f,2026-01-03,167.64,escuintla,education
504079,fernando solis,m,2026-01-10,desconocido,escuintla,services
502891,sofia herrera,m,2026-02-13,363.61,quetzaltenango,retail
503717,daniel aguilar,f,2026-02-21,"36,37",amatitlan,retail
503519,ricardo  mendez,m,2026-02-20,"171,20",amatitlan,services
504464,carlos ramirez,f,26/02/2026,"87,51",guatemala,services
500363,laura molina,m,2026-01-30,"173,17",mixco,food
503733,isabel  cruz,f,2026-02-18,"7,94",villa nueva,retail
504187,karla fuentes,m,2026-02-02,"114,39",escuintla,retail
501789,sofia ruiz,f,2026-02-01,434.98,chimaltenango,retail
502370,patricia paz,m,07/02/2026,312.86,chimaltenango,services
502234,patricia  solis,f,2026-02-24,"29,00",villa nueva,food
503205,ana dominguez,f,20/01/2026,106.56,escuintla,retail
502917,fernando torres,f,2026-01-26,"0,43",villa nueva,services
502805,fernando mejia,m,03/01/2026,"239,44",amatitlan,food
503872,monica mazariegos,f,2026-01-13,479.28,quetzaltenango,retail
503959,juan  flores,m,2026-01-22,desconocido,guatemala,education
500120,laura vargas,m,2026-01-11,"239,77",amatitlan,retail
501960,paola solis,m,2026-01-13,212.83,amatitlan,food
501063,ricardo mejia,m,2026-02-27,desconocido,villa nueva,education
500841,laura cruz,f,2026-02-13,"283,20",guatemala,retail
500494,daniel  lopez,m,03/01/2026,"464,48",escuintla,education
500444,oscar nunez,m,2026-02-02,258.78,chimaltenango,services
501843,gustavo solis,m,2026-02-24,"163,84",chimaltenango,food
503157,hector solis,f,2026-01-30,"99,04",chimaltenango,services
504321,elena alvarez,m,04/01/2026,392.10,quetzaltenango,services
500020,fernando  lopez,m,07/02/2026,291.96,villa nueva,food
500419,rene reyes,m,2026-01-17,156.24,quetzaltenango,retail
503946,patricia  aguilar,m,2026-02-14,"258,24",villa nueva,services
500992,juan torres,m,2026-02-25,258.40,mixco,services
500386,kevin reyes,m,2026-02-03,101.78,escuintla,education
500930,carlos dominguez,m,2026-01-10,228.45,guatemala,food
500265,jose perez,m,2026-01-05,"303,99",villa nueva,education
501453,kevin ruiz,m,03/01/2026,406.10,desconocido,food
504257,fernando mendez,m,03/01/2026,"259,51",antigua,retail
502159,carlos  torres,f,14/02/2026,462.25,chimaltenango,retail
504400,pablo ramirez,f,2026-02-03,21.99,villa nueva,retail
503211,ricardo  herrera,m,2026-01-26,228.60,antigua,education
504606,maria herrera,f,02/02/2026,"456,77",,retail
500935,ana paz,m,2026-01-02,7.93,guatemala,retail
500276,sofia mejia,f,05/01/2026,"53,68",guatemala,retail
503401,karla paz,f,2026-02-08,383.07,desconocido,food
501724,isabel rojas,m,16/01/2026,219.91,escuintla,retail
504324,elena  rojas,f,05/02/2026,332.87,mixco,food
500134,isabel molina,f,2026-01-04,271.81,guatemala,food
501760,carmen cruz,f,2026-01-03,210.43,mixco,food
501308,ricardo mendez,m,20/02/2026,"411,50",antigua,services
500497,pedro dominguez,m,2026-02-28,"228,87",chimaltenango,education
500336,miguel soto,m,28/02/2026,"137,58",escuintla,services
503336,diana solis,f,2026-01-29,318.70,antigua,retail
503215,miguel lopez,m,2026-01-10,"405,89",villa nueva,services
500442,gabriela lopez,m,01/03/2026,53.75,guatemala,retail
503162,valeria aguilar,m,2026-02-18,308.05,antigua,education
503996,sofia mazariegos,f,2026-02-12,desconocido,mixco,food
503096,pedro lima,f,2026-02-09,desconocido,chimaltenango,education
503152,miguel rojas,f,07/01/2026,"467,27",escuintla,food
503777,luis lima,,02/01/2026,362.46,chimaltenango,services
504339,gabriela perez,m,2026-02-20,323.32,antigua,food
501395,pablo solis,f,23/01/2026,221.50,quetzaltenango,services
504780,monica ramirez,f,2026-02-17,desconocido,escuintla,food
501351,paola perez,m,2026-02-26,495.03,chimaltenango,food
504754,oscar nunez,f,2026-01-15,380.90,mixco,food
500409,elena perez,m,2026-01-23,410.93,mixco,services
501116,maria perez,f,2026-02-23,"62,19",mixco,retail
503154,sofia mazariegos,f,27/01/2026,"235,58",amatitlan,services
501256,ricardo paz,desconocido,2026-02-11,138.93,guatemala,retail
501867,karla nunez,f,2026-03-01,desconocido,chimaltenango,retail
500141,gabriela ortega,f,26/01/2026,88.50,amatitlan,services
502686,maria hernandez,m,2026-01-28,58.80,amatitlan,retail
503886,laura perez,m,2026-02-18,"490,04",mixco,food
500689,jose  mazariegos,m,2026-01-17,"98,99",mixco,services
503865,karla reyes,m,2026-01-21,"99,84",quetzaltenango,retail
500584,jose soto,m,2026-02-01,"377,62",amatitlan,services
500333,andrea hernandez,m,25/01/2026,"470,67",chimaltenango,services
501294,pablo soto,m,2026-02-21,355.72,escuintla,food
504024,ricardo dominguez,m,08/01/2026,"376,48",quetzaltenango,retail
503776,karla herrera,m,2026-01-05,292.14,escuintla,food
501946,oscar rojas,m,16/02/2026,305.43,quetzaltenango,food
